{
  "json_schema_major_version": "1",
  "json_schema_minor_version": "1",
  "json_content_version": "1",
  "function_name": "approxcountmap",
  "function_version": "1.0",
  "function_type": "non-driver",
  "short_description": "This function estimates the number of distinct values.",
  "long_description": "This function estimates the number of distinct values in a column or combinations of columns, while scanning the table only once.",
  "input_tables": [
    {
      "isOrdered": false,
      "partitionByOne": false,
      "name": "InputTable",
      "isRequired": true,
      "description": "Specifies the table containing the input data.",
      "datatype": "TABLE_ALIAS",
      "allowsLists": false,
      "rName": "input.table",
      "useInR": true
    }
  ],
  "argument_clauses": [
    {
      "isOutputColumn": false,
      "allowPadding": true,
      "name": "InputColumns",
      "alternateNames": [
        "Columns"
      ],
      "isRequired": true,
      "description": "Specifies the name(s) of the column or columns for which an approximate distinct count will be calculated.",
      "datatype": "STRING",
      "allowsLists": true,
      "rName": "input.columns",
      "useInR": true
    },
    {
      "defaultValue": 10,
      "lowerBound": 0.05,
      "upperBound": 10,
      "lowerBoundType": "INCLUSIVE",
      "upperBoundType": "INCLUSIVE",
      "allowNaN": false,
      "name": "ErrorRate",
      "alternateNames": [
        "Error"
      ],
      "isRequired": false,
      "description": "Specifies the acceptable error rate, expressed using decimal representation. The input value must be no less than 0.05 and no greater than 10.0. The default value is 10.0.",
      "datatype": "DOUBLE",
      "allowsLists": false,
      "rName": "error.rate",
      "useInR": true
    }
  ]
}