{
  "json_schema_major_version": "1",
  "json_schema_minor_version": "1",
  "json_content_version": "1",
  "function_name": "attribution",
  "function_version": "2.3",
  "function_type": "non-driver",
  "short_description": "This function is used to perform click stream analysis.",
  "long_description": "This function is used to perform click stream analysis.It has many kinds of computation models and distribution models.",
  "input_tables": [
    {
      "requiredInputKind": [
        "PartitionByKey"
      ],
      "isOrdered": true,
      "partitionByOne": false,
      "isRequired": true,
      "description": "Contains the click stream data, which the function uses to compute attributions.",
      "datatype": "TABLE_ALIAS",
      "allowsLists": false,
      "useInR": true
    },
    {
      "requiredInputKind": [
        "PartitionByKey"
      ],
      "isOrdered": true,
      "partitionByOne": false,
      "isRequired": false,
      "description": "Contains the click stream data, which the function uses to compute attributions.",
      "datatype": "TABLE_ALIAS",
      "allowsLists": false,
      "useInR": true
    },
    {
      "requiredInputKind": [
        "Dimension"
      ],
      "isOrdered": false,
      "partitionByOne": false,
      "name": "conversion",
      "isRequired": true,
      "description": "Contains one varchar column (conversion_events) containing conversion event values.",
      "datatype": "TABLE_ALIAS",
      "allowsLists": false,
      "rName": "conversion",
      "useInR": true
    },
    {
      "requiredInputKind": [
        "Dimension"
      ],
      "isOrdered": false,
      "partitionByOne": false,
      "name": "excluding",
      "isRequired": false,
      "description": "Contains one varchar column (excluding_events) containing excluding cause event values.",
      "datatype": "TABLE_ALIAS",
      "allowsLists": false,
      "rName": "excluding",
      "useInR": true
    },
    {
      "requiredInputKind": [
        "Dimension"
      ],
      "isOrdered": false,
      "partitionByOne": false,
      "name": "optional",
      "isRequired": false,
      "description": "Contains one varchar column (optional_events) containing optional cause event values.",
      "datatype": "TABLE_ALIAS",
      "allowsLists": false,
      "rName": "optional",
      "useInR": true
    },
    {
      "requiredInputKind": [
        "Dimension"
      ],
      "isOrdered": false,
      "partitionByOne": false,
      "name": "model1",
      "isRequired": true,
      "description": "Contains the first distribution model.",
      "datatype": "TABLE_ALIAS",
      "allowsLists": false,
      "rName": "model1",
      "useInR": true
    },
    {
      "requiredInputKind": [
        "Dimension"
      ],
      "isOrdered": false,
      "partitionByOne": false,
      "name": "model2",
      "isRequired": false,
      "description": "Contains the second distribution model.",
      "datatype": "TABLE_ALIAS",
      "allowsLists": false,
      "rName": "model2",
      "useInR": true
    }
  ],
  "argument_clauses": [
    {
      "checkDuplicate": true,
      "allowedTypeGroups": [
        "STRING",
        "INTEGER"
      ],
      "requiredLength": 1,
      "allowPadding": true,
      "name": "EventColumn",
      "alternateNames": [
        "Event_Column_Name",
		"EventColumnName"
      ],
      "isRequired": true,
      "description": "This is the name of the event column. Input columns must contain integer SQL types. Input columns must contain string SQL types.",
      "datatype": "COLUMNS",
      "allowsLists": false,
      "rName": "event.column",
      "useInR": true
    },
    {
      "checkDuplicate": true,
      "allowedTypeGroups": [
        "INTEGER",
        "TIME"
      ],
      "requiredLength": 1,
      "allowPadding": true,
      "name": "TimestampColumn",
      "alternateNames": [
        "Timestamp_Column_Name",
		"TimestampColumnName"
      ],
      "isRequired": true,
      "description": "This is the name of the timestamp column. Input columns must contain integer SQL types.",
      "datatype": "COLUMNS",
      "allowsLists": false,
      "rName": "timestamp.column",
      "useInR": true
    },
    {
      "isOutputColumn": false,
      "allowPadding": true,
      "name": "ConversionEvents",
      "alternateNames": [
        "Conversion_Event_Type_Value",
		"ConversionEventTypeValue"
      ],
      "isRequired": false,
      "description": "A list of strings or integers that define the impact events.",
      "datatype": "STRING",
      "allowsLists": true,
      "rName": "conversion.events",
      "useInR": true
    },
    {
      "isOutputColumn": false,
      "allowPadding": true,
      "name": "ExcludeEvents",
      "alternateNames": [
        "Excluding_Event_Type_Value",
		"ExcludingEventTypeValue"
      ],
      "isRequired": false,
      "description": "A list of strings or integers that define the cause events which need to be excluded from the attribution calculation. A row with one of these event type values will be ignored. The excluding event type values can not overlap with the conversion event type values.",
      "datatype": "STRING",
      "allowsLists": true,
      "rName": "exclude.events",
      "useInR": true
    },
    {
      "isOutputColumn": false,
      "allowPadding": true,
      "name": "OptionalEvents",
      "alternateNames": [
        "Optional_Event_Type_Value",
		"OptionalEventTypeValue"
      ],
      "isRequired": false,
      "description": "A list of strings or integers that define the cause events that are optional, which means if there are no other cause events, they will be attributed, otherwise they will be excluded. These values also can not overlap with conversion event and excluding event.",
      "datatype": "STRING",
      "allowsLists": true,
      "rName": "optional.events",
      "useInR": true
    },
    {
      "isOutputColumn": false,
      "name": "WindowSize",
      "alternateNames": [
        "Window"
      ],
      "isRequired": true,
      "description": "This argument specifies the maximum window size used in the attribution calculation.",
      "datatype": "STRING",
      "allowsLists": false,
      "rName": "window.size",
      "useInR": true
    },
    {
      "isOutputColumn": false,
      "allowPadding": true,
      "name": "Model1",
      "isRequired": false,
      "description": "Specifies the first distribution model.",
      "datatype": "STRING",
      "allowsLists": true,
      "rName": "model1",
      "useInR": true
    },
    {
      "isOutputColumn": false,
      "allowPadding": true,
      "name": "Model2",
      "isRequired": false,
      "description": "Specifies the second distribution model.",
      "datatype": "STRING",
      "allowsLists": true,
      "rName": "model2",
      "useInR": true
    }
  ]
}