{
  "json_schema_major_version": "1",
  "json_schema_minor_version": "1",
  "json_content_version": "1",
  "function_name": "cfilter",
  "function_version": "1.7",
  "function_type": "driver",
  "short_description": "This function generates combinations of frequent baskets",
  "long_description": "This function is used for identifying the associations in two item-set. For every combination, this function generates the score, support, confidence and z-score associated with the combination",
  "argument_clauses": [
    {
      "isOutputColumn": false,
      "name": "Domain",
      "isRequired": false,
      "description": "The address of the Queen. The host parameter is the Aster Database Queen’s IP saddress or hostname.",
      "datatype": "DRIVER",
      "allowsLists": false,
      "useInR": false
    },
    {
      "isOutputColumn": false,
      "name": "Database",
      "isRequired": false,
      "description": "The name of the database where the input table is located.",
      "datatype": "DRIVER",
      "allowsLists": false,
      "useInR": false
    },
    {
      "isOutputColumn": false,
      "name": "UserId",
      "isRequired": false,
      "description": "The Aster Database user name of the user running this function.",
      "datatype": "DRIVER",
      "allowsLists": false,
      "useInR": false
    },
    {
      "isOutputColumn": false,
      "name": "Password",
      "isRequired": false,
      "description": "The Aster Database password of the user.",
      "datatype": "DRIVER",
      "allowsLists": false,
      "useInR": false
    },
    {
      "isOutputColumn": false,
      "name": "SSLSettings",
      "isRequired": false,
      "description": "A string that includes all the SSL settings, except the password for the truststore.",
      "datatype": "DRIVER",
      "allowsLists": false,
      "useInR": false
    },
    {
      "isOutputColumn": false,
      "name": "SSLTrustStorePassword",
      "isRequired": false,
      "description": "The password for the SSL truststore.",
      "datatype": "DRIVER",
      "allowsLists": false,
      "useInR": false
    },
    {
      "isOutputTable": false,
      "name": "InputTable",
      "isRequired": true,
      "description": "Name of the input table containing the data to be filtered.",
      "datatype": "TABLE_NAME",
      "allowsLists": false,
      "rName": "input.table",
      "useInR": true
    },
    {
      "isOutputTable": true,
      "name": "OutputTable",
      "isRequired": true,
      "description": "Name of the output table into which the function writes the final results.",
      "datatype": "TABLE_NAME",
      "allowsLists": false,
      "rName": "output.table",
      "useInR": true
    },
    {
      "targetTable": "InputTable",
      "checkDuplicate": true,
      "allowPadding": true,
      "name": "InputColumns",
      "isRequired": true,
      "description": "A list of input columns to filter.",
      "datatype": "COLUMN_NAMES",
      "allowsLists": true,
      "rName": "input.columns",
      "useInR": true
    },
    {
      "targetTable": "InputTable",
      "checkDuplicate": true,
      "allowPadding": true,
      "name": "JoinColumns",
      "isRequired": true,
      "description": "A list of columns to join on.",
      "datatype": "COLUMN_NAMES",
      "allowsLists": true,
      "rName": "join.columns",
      "useInR": true
    },
    {
      "defaultValue": "col1_item1",
      "isOutputColumn": true,
      "name": "PartitionKey",
      "isRequired": false,
      "description": "Single column used as partition key for the newly created output table. The default value is col1_item1.",
      "datatype": "STRING",
      "allowsLists": false,
      "rName": "partition.key",
      "useInR": true
    },
    {
      "targetTable": "InputTable",
      "checkDuplicate": true,
      "allowPadding": true,
      "name": "AddColumns",
      "alternateNames": [
        "OtherColumns"
      ],
      "isRequired": false,
      "description": "A comma-separated list of the names of other input columns to add to the output.",
      "datatype": "COLUMN_NAMES",
      "allowsLists": true,
      "rName": "add.columns",
      "useInR": true
    },
    {
      "defaultValue": 100,
      "lowerBound": 0,
      "lowerBoundType": "INCLUSIVE",
      "allowNaN": false,
      "name": "MaxItemSet",
      "alternateNames": [
        "MaxSet"
      ],
      "isRequired": false,
      "description": "Size of the maximum item set to be considered. The input value must be no less than 0. The default value is 100.",
      "datatype": "INTEGER",
      "allowsLists": false,
      "rName": "max.item.set",
      "useInR": true
    },
    {
      "defaultValue": false,
      "name": "DropTable",
      "isRequired": false,
      "description": "If you set this option to true, if the output table name already exists, the function drops the table. The default value is false.",
      "datatype": "BOOLEAN",
      "allowsLists": false,
      "rName": "drop.table",
      "useInR": true
    }
  ]
}