{
  "json_schema_major_version": "1",
  "json_schema_minor_version": "1",
  "json_content_version": "1",
  "function_name": "Closeness",
  "function_version": "1.2",
  "function_type": "graph",
  "short_description": "This function computes closeness and k-degree scores for each specified source vertex.",
  "long_description": "The function works on directed and undirected graphs to compute closeness and k-degree.",
  "input_tables": [
    {
      "requiredInputKind": [
        "PartitionByKey"
      ],
      "isOrdered": false,
      "partitionByOne": false,
      "name": "vertices",
      "isRequired": true,
      "description": "vertex table",
      "datatype": "TABLE_ALIAS",
      "allowsLists": false,
      "rName": "vertices",
      "useInR": true
    },
    {
      "requiredInputKind": [
        "PartitionByKey"
      ],
      "isOrdered": false,
      "partitionByOne": false,
      "name": "edges",
      "isRequired": true,
      "description": "edge table",
      "datatype": "TABLE_ALIAS",
      "allowsLists": false,
      "rName": "edges",
      "useInR": true
    },
    {
      "requiredInputKind": [
        "PartitionByKey"
      ],
      "isOrdered": false,
      "partitionByOne": false,
      "name": "sources",
      "isRequired": false,
      "description": "source table",
      "datatype": "TABLE_ALIAS",
      "allowsLists": false,
      "rName": "sources",
      "useInR": true
    },
    {
      "requiredInputKind": [
        "PartitionByKey"
      ],
      "isOrdered": false,
      "partitionByOne": false,
      "name": "targets",
      "isRequired": false,
      "description": "target table",
      "datatype": "TABLE_ALIAS",
      "allowsLists": false,
      "rName": "targets",
      "useInR": true
    }
  ],
  "argument_clauses": [
    {
      "defaultValue": 1.0,
      "lowerBound": 0,
      "upperBound": 1,
      "lowerBoundType": "EXCLUSIVE",
      "upperBoundType": "INCLUSIVE",
      "allowNaN": false,
      "name": "SampleRate",
      "isRequired": false,
      "description": "The SampleRate is an optional argument clause for sampling. The input value must be greater than 0.0 but no greater than 1.0. The default value is 1.0.",
      "datatype": "DOUBLE",
      "allowsLists": false,
      "rName": "sample.rate",
      "useInR": true
    },
    {
      "allowNaN": false,
      "name": "seed",
      "isRequired": false,
      "description": "",
      "datatype": "INTEGER",
      "allowsLists": false,
      "rName": "seed",
      "useInR": true
    },
    {
      "defaultValue": 10,
      "upperBound": 2147483647,
      "upperBoundType": "INCLUSIVE",
      "allowNaN": false,
      "name": "MaxDistance",
      "isRequired": false,
      "description": "The MaxDistance is an optional argument with defautl 10. The input value must be no greater than 2147483647. The default value is 10.",
      "datatype": "INTEGER",
      "allowsLists": false,
      "rName": "max.distance",
      "useInR": true
    },
    {
      "targetTable": "vertices",
      "checkDuplicate": true,
      "allowPadding": true,
      "name": "Accumulate",
      "isRequired": false,
      "description": "Specifies the names of the columns from vertices that are to be passed to the output.",
      "datatype": "COLUMNS",
      "allowsLists": true,
      "rName": "accumulate",
      "useInR": true
    },
    {
      "targetTable": "edges",
      "checkDuplicate": true,
      "allowPadding": true,
      "name": "TargetKey",
      "isRequired": true,
      "description": "Specifies the names of the columns that comprise the target vertex key in edges table.",
      "datatype": "COLUMNS",
      "allowsLists": true,
      "rName": "target.key",
      "useInR": true
    },
    {
      "targetTable": "edges",
      "checkDuplicate": true,
      "allowedTypeGroups": [
        "NUMERIC"
      ],
      "requiredLength": 1,
      "allowPadding": true,
      "name": "EdgeWeight",
      "isRequired": false,
      "description": "Specifies the name of the column in the edges table that contains the edge weights for a weighted graph. Input columns must contain numeric SQL types.",
      "datatype": "COLUMNS",
      "allowsLists": false,
      "rName": "edge.weight",
      "useInR": true
    },
    {
      "defaultValue": true,
      "name": "Directed",
      "isRequired": false,
      "description": "The argument indicated whether the edges are directed or not. The default value is true.",
      "datatype": "BOOLEAN",
      "allowsLists": false,
      "rName": "directed",
      "useInR": true
    },
    {
      "lowerBound": 1,
      "lowerBoundType": "INCLUSIVE",
      "allowNaN": false,
      "name": "GroupSize",
      "isRequired": false,
      "description": "The GroupSize should be a positive integer >= 1 The input value must be no less than 1.",
      "datatype": "LONG",
      "allowsLists": false,
      "rName": "group.size",
      "useInR": true
    }
  ]
}