{
  "json_schema_major_version": "1",
  "json_schema_minor_version": "1",
  "json_content_version": "1",
  "function_name": "corr_map",
  "function_version": "1.4",
  "function_type": "non-driver",
  "short_description": "This Function calculates SUM(Xi), SUM(Yi), SUM(Xi^2),SUM(Yi^2), SUM(Xi* Yi) for all the Xi and Yi pairs.",
  "long_description": "This function is used as part of the correlation function and is not intended to be used by itself. This Function calculates SUM(Xi), SUM(Yi), SUM(Xi^2), SUM(Yi^2), SUM(Xi* Yi) for all the Xi and Yi pairs.",
  "input_tables": [
    {
      "isOrdered": false,
      "partitionByOne": false,
      "isRequired": true,
      "description": "The input table that contains the Xi and Yi pairs. ",
      "datatype": "TABLE_ALIAS",
      "allowsLists": false,
      "useInR": true
    }
  ],
  "argument_clauses": [
    {
      "isOutputColumn": false,
      "allowPadding": true,
      "name": "TargetColumns",
      "alternateNames": [
        "ColumnPairs"
      ],
      "isRequired": false,
      "description": "Pairs of columns for which correlation is calculated. ",
      "datatype": "STRING",
      "allowsLists": true,
      "rName": "target.columns",
      "useInR": true
    },
    {
      "isOutputColumn": false,
      "name": "Columns",
      "isRequired": false,
      "description": "Pairs of columns for which correlation is calculated. It is old, suggest to use TargetColumns instead.",
      "datatype": "STRING",
      "allowsLists": false,
      "rName": "columns",
      "useInR": true
    },
    {
      "isOutputColumn": true,
      "name": "KeyName",
      "alternateNames": [
        "Key_Name"
      ],
      "isRequired": true,
      "description": "The column name for an intermediate partition key generated by the Corr_Map function. ",
      "datatype": "STRING",
      "allowsLists": false,
      "rName": "key.name",
      "useInR": true
    }
  ]
}