{
  "json_schema_major_version": "1",
  "json_schema_minor_version": "1",
  "json_content_version": "1",
  "function_name": "GMMFit",
  "function_version": "1.0",
  "function_type": "driver",
  "short_description": "Fits a Gaussian Mixture Model to data.",
  "long_description": "Clusters data using a Gaussian Mixture Model or a Dirichlet Process Gaussian Mixture Model.",
  "input_tables": [
    {
      "requiredInputKind": [
        "PartitionByKey"
      ],
      "isOrdered": false,
      "partitionByOne": true,
      "name": "init_params",
      "isRequired": true,
      "description": "Contains initial values for the cluster weights, means, and covariances. The user may specify one, two, or all three of the cluster parameters.",
      "datatype": "TABLE_ALIAS",
      "allowsLists": false,
      "rName": "init.params",
      "useInR": true
    }
  ],
  "argument_clauses": [
    {
      "isOutputColumn": false,
      "name": "Domain",
      "isRequired": false,
      "description": "The address of the Queen. The host parameter is the Aster Database Queen’s IP saddress or hostname.",
      "datatype": "DRIVER",
      "allowsLists": false,
      "useInR": false
    },
    {
      "isOutputColumn": false,
      "name": "Database",
      "isRequired": false,
      "description": "The name of the database where the input table is located.",
      "datatype": "DRIVER",
      "allowsLists": false,
      "useInR": false
    },
    {
      "isOutputColumn": false,
      "name": "UserId",
      "isRequired": false,
      "description": "The Aster Database user name of the user running this function.",
      "datatype": "DRIVER",
      "allowsLists": false,
      "useInR": false
    },
    {
      "isOutputColumn": false,
      "name": "Password",
      "isRequired": false,
      "description": "The Aster Database password of the user.",
      "datatype": "DRIVER",
      "allowsLists": false,
      "useInR": false
    },
    {
      "isOutputColumn": false,
      "name": "SSLSettings",
      "isRequired": false,
      "description": "A string that includes all the SSL settings, except the password for the truststore.",
      "datatype": "DRIVER",
      "allowsLists": false,
      "useInR": false
    },
    {
      "isOutputColumn": false,
      "name": "SSLTrustStorePassword",
      "isRequired": false,
      "description": "The password for the SSL truststore.",
      "datatype": "DRIVER",
      "allowsLists": false,
      "useInR": false
    },
    {
      "isOutputTable": false,
      "name": "InputTable",
      "isRequired": true,
      "description": "Specifies the table containing the input data to be clustered.",
      "datatype": "TABLE_NAME",
      "allowsLists": false,
      "rName": "input.table",
      "useInR": true
    },
    {
      "isOutputTable": true,
      "name": "OutputTable",
      "isRequired": true,
      "description": "Specifies the output table to which cluster information will be printed.",
      "datatype": "TABLE_NAME",
      "allowsLists": false,
      "rName": "output.table",
      "useInR": true
    },
    {
      "defaultValue": 20,
      "lowerBound": 0,
      "lowerBoundType": "EXCLUSIVE",
      "allowNaN": false,
      "name": "MaxClusterNum",
      "isRequired": false,
      "description": "Specifies the maximum number of clusters in a Dirichlet Process model. The GMMFit function will invoke the DP-GMM algorithm if MaxClusterNum is specified. The input value must be greater than 0. The default value is 20.",
      "datatype": "INTEGER",
      "allowsLists": false,
      "rName": "max.cluster.num",
      "useInR": true
    },
    {
      "defaultValue": 10,
      "lowerBound": 0,
      "lowerBoundType": "EXCLUSIVE",
      "allowNaN": false,
      "name": "ClusterNum",
      "isRequired": false,
      "description": "Specifies the exact number of clusters in a model. The GMMFit function will invoke the basic GMM algorithm if ClusterNum is specified. The input value must be greater than 0. The default value is 10.",
      "datatype": "INTEGER",
      "allowsLists": false,
      "rName": "cluster.num",
      "useInR": true
    },
    {
      "permittedValues": [
        "SPHERICAL",
        "DIAGONAL",
        "FULL",
        "TIED"
      ],
      "defaultValue": "DIAGONAL",
      "isOutputColumn": false,
      "name": "CovarianceType",
      "isRequired": false,
      "description": "Specifies the form of the covariance matrix. This option allows the user to reduce the number of parameters that need to be estimated for each cluster. The permitted input values are [SPHERICAL, DIAGONAL, FULL, TIED]. The default value is DIAGONAL.",
      "datatype": "STRING",
      "allowsLists": false,
      "rName": "covariance.type",
      "useInR": true
    },
    {
      "defaultValue": 0.001,
      "lowerBound": 0,
      "lowerBoundType": "EXCLUSIVE",
      "allowNaN": false,
      "name": "Tolerance",
      "isRequired": false,
      "description": "Specifies the minimum change in log-likelihood between iterations that will cause GMMFit to terminate. The input value must be greater than 0.0. The default value is 0.001.",
      "datatype": "DOUBLE",
      "allowsLists": false,
      "rName": "tolerance",
      "useInR": true
    },
    {
      "defaultValue": 10,
      "lowerBound": 0,
      "lowerBoundType": "EXCLUSIVE",
      "allowNaN": false,
      "name": "MaxIterNum",
      "isRequired": false,
      "description": "Specifies the maximum number of iterations for which GMMFit will run. The input value must be greater than 0. The default value is 10.",
      "datatype": "INTEGER",
      "allowsLists": false,
      "rName": "max.iter.num",
      "useInR": true
    },
    {
      "defaultValue": 0.001,
      "lowerBound": 0,
      "lowerBoundType": "EXCLUSIVE",
      "allowNaN": false,
      "name": "ConcentrationParam",
      "isRequired": false,
      "description": "Can only by used with MaxClusterNum. The concentration parameter α controls the number of clusters generated by the DP-GMM. The expected number of clusters is α log N, where N is the number of points in the data set, so a larger value of ConcentrationParam will tend to result in the algorithm finding more clusters. The input value must be greater than 0.0. The default value is 0.001.",
      "datatype": "DOUBLE",
      "allowsLists": false,
      "rName": "concentration.param",
      "useInR": true
    },
    {
      "defaultValue": false,
      "name": "PackOutput",
      "isRequired": false,
      "description": "Indicates where the output format should be packed or unpacked. The default value is false.",
      "datatype": "BOOLEAN",
      "allowsLists": false,
      "rName": "pack.output",
      "useInR": true
    }
  ]
}
