{
  "json_schema_major_version": "1",
  "json_schema_minor_version": "1",
  "json_content_version": "1",
  "function_name": "GMMPredict",
  "function_version": "1.0",
  "short_description": "Clusters data using a Gaussian Mixture Model.",
  "long_description": "Predicts cluster assignments using a Gaussian Mixture Model generated by GMMFit.",
  "input_tables": [
    {
      "requiredInputKind": [
        "PartitionByKey"
      ],
      "isOrdered": false,
      "partitionByOne": false,
      "name": "testdata",
      "isRequired": true,
      "description": "Contains the data whose cluster values are to be predicted. The column names for the data to be classified must be the same as the column names in modeldata.",
      "datatype": "TABLE_ALIAS",
      "allowsLists": false,
      "rName": "testdata",
      "useInR": true
    },
    {
      "requiredInputKind": [
        "Dimension"
      ],
      "isOrdered": false,
      "partitionByOne": false,
      "name": "modeldata",
      "isRequired": true,
      "description": "Contains a GMM model output by GMMFit.",
      "datatype": "TABLE_ALIAS",
      "allowsLists": false,
      "rName": "modeldata",
      "useInR": true
    }
  ],
  "argument_clauses": [
    {
      "permittedValues": [
        "dense",
        "sparse"
      ],
      "defaultValue": "sparse",
      "isOutputColumn": false,
      "name": "OutputFormat",
      "isRequired": false,
      "description": "Specifies whether the output table will be in dense format or sparse format. In dense format, the weights that GMMPredict assigns to each of the top n clusters are all output to a single row. In sparse format, each weight is output to a separate row.  The permitted input values are [dense, sparse]. The default value is sparse.",
      "datatype": "STRING",
      "allowsLists": false,
      "rName": "output.format",
      "useInR": true
    },
    {
      "defaultValue": 1,
      "lowerBound": 0,
      "lowerBoundType": "EXCLUSIVE",
      "allowNaN": false,
      "name": "TopNClusters",
      "isRequired": false,
      "description": "Specifies the number of cluster weights that GMMPredict should output. If TopNClusters is set to k, the function will output for each data point the cluster with the greatest weight, the cluster with the 2nd greatest weight, and so on up to the cluster with the kth greatest weight. The input value must be greater than 0. The default value is 1.",
      "datatype": "INTEGER",
      "allowsLists": false,
      "rName": "top.n.clusters",
      "useInR": true
    },
    {
      "defaultValue": false,
      "name": "PrintLogLikelihood",
      "isRequired": false,
      "description": "If 'true', prints out the overall log likelihood of an observation given the data. The default value is false.",
      "datatype": "BOOLEAN",
      "allowsLists": false,
      "rName": "print.log.likelihood",
      "useInR": true
    }
  ]
}