{
  "json_schema_major_version": "1",
  "json_schema_minor_version": "1",
  "json_content_version": "1",
  "function_name": "GmmProfile",
  "function_version": "1.0",
  "short_description": "Computes statistics for a Gaussian Mixture Model.",
  "long_description": "Compute the mean difference and bounds the Kullback-Leibler divergence for each cluster in a Gaussian Mixture Model generated by GMMFit.",
  "input_tables": [
    {
      "requiredInputKind": [
        "PartitionByKey"
      ],
      "isOrdered": false,
      "partitionByOne": true,
      "isRequired": true,
      "description": "A model table output by GMMFit.",
      "datatype": "TABLE_ALIAS",
      "allowsLists": false,
      "useInR": true
    }
  ]
}