{
  "json_schema_major_version": "1",
  "json_schema_minor_version": "1",
  "json_content_version": "1",
  "function_name": "histogram_reduce",
  "function_version": "1.3",
  "function_type": "non-driver",
  "short_description": "SQL-MR function used to create histograms, used in conjunction with histogram_map",
  "long_description": "SQL-MR function used to create histograms, used in conjunction with histogram_map",
  "partner_function": "histogram_map",
  "input_tables": [
    {
      "requiredInputKind": [
        "PartitionByKey"
      ],
      "isOrdered": false,
      "partitionByOne": false,
      "isRequired": true,
      "description": "The table containing the input data.",
      "datatype": "TABLE_ALIAS",
      "allowsLists": false,
      "useInR": true
    }
  ],
  "argument_clauses": [
    {
      "checkDuplicate": true,
      "requiredLength": 1,
      "allowPadding": true,
      "name": "FrequencyColumn",
      "alternateNames": [
        "Frequency_Column_Name",
		"FrequencyColumnName"
      ],
      "isRequired": false,
      "description": "Name of output column that shows the count (\"local frequency\") of rows thatsorted into this bin on this partition.",
      "datatype": "COLUMNS",
      "allowsLists": false,
      "rName": "frequency.column",
      "useInR": true
    },
    {
      "checkDuplicate": true,
      "allowPadding": true,
      "name": "Accumulate",
      "isRequired": false,
      "description": "Columns from the input table to be passed through from input to output.",
      "datatype": "COLUMNS",
      "allowsLists": true,
      "rName": "accumulate",
      "useInR": true
    }
  ]
}