{
  "json_schema_major_version": "1",
  "json_schema_minor_version": "1",
  "json_content_version": "1",
  "function_name": "JSONParser",
  "function_version": "1.5",
  "function_type": "SQL-MR",
  "short_description": "Parses JSON string and produces a flattened table.",
  "long_description": "Parses JSON string and produces a flattened table. ",
  "input_tables": [
    {
      "isOrdered": false,
      "partitionByOne": false,
      "isRequired": true,
      "description": "vertex table",
      "datatype": "TABLE_ALIAS",
      "allowsLists": false,
      "useInR": true
    }
  ],
  "argument_clauses": [
    {
      "checkDuplicate": true,
      "allowedTypeGroups": [
        "STRING"
      ],
      "allowPadding": true,
      "name": "TEXT_COLUMN",
      "isRequired": true,
      "description": "Specifies the column name from the input table which contains the JSON string. Input columns must contain string SQL types.",
      "datatype": "COLUMNS",
      "allowsLists": true,
      "rName": "t.e.x.t..c.o.l.u.m.n",
      "useInR": true
    },
    {
      "isOutputColumn": false,
      "allowPadding": true,
      "name": "nodes",
      "isRequired": false,
      "description": "",
      "datatype": "STRING",
      "allowsLists": true,
      "rName": "nodes",
      "useInR": true
    },
    {
      "isOutputColumn": false,
      "allowPadding": true,
      "name": "search_path",
      "isRequired": false,
      "description": "",
      "datatype": "STRING",
      "allowsLists": true,
      "rName": "search.path",
      "useInR": true
    },
    {
      "defaultValue": ",",
      "isOutputColumn": false,
      "name": "delimiter",
      "isRequired": false,
      "description": "The default value is ,.",
      "datatype": "STRING",
      "allowsLists": false,
      "rName": "delimiter",
      "useInR": true
    },
    {
      "defaultValue": 10,
      "lowerBound": 1,
      "lowerBoundType": "INCLUSIVE",
      "allowNaN": false,
      "name": "MAX_ITEM_NUMBER",
      "isRequired": false,
      "description": "The number of hidden states must be greater than 1, inclusive. The input value must be no less than 1. The default value is 10.",
      "datatype": "INTEGER",
      "allowsLists": false,
      "rName": "m.a.x..i.t.e.m..n.u.m.b.e.r",
      "useInR": true
    },
    {
      "defaultValue": "out_nodeid",
      "isOutputColumn": false,
      "name": "NODEID_OUTPUTCOLUMN_NAME",
      "isRequired": false,
      "description": "The default value is out_nodeid.",
      "datatype": "STRING",
      "allowsLists": false,
      "rName": "n.o.d.e.i.d..o.u.t.p.u.t.c.o.l.u.m.n..n.a.m.e",
      "useInR": true
    },
    {
      "defaultValue": "out_parent_node",
      "isOutputColumn": false,
      "name": "PARENTNODE_OUTPUTCOLUMN_NAME",
      "isRequired": false,
      "description": "The default value is out_parent_node.",
      "datatype": "STRING",
      "allowsLists": false,
      "rName": "p.a.r.e.n.t.n.o.d.e..o.u.t.p.u.t.c.o.l.u.m.n..n.a.m.e",
      "useInR": true
    },
    {
      "checkDuplicate": true,
      "allowPadding": true,
      "name": "Accumulate",
      "isRequired": false,
      "description": "Accumulate columns from input table.",
      "datatype": "COLUMNS",
      "allowsLists": true,
      "rName": "accumulate",
      "useInR": true
    },
    {
      "isOutputColumn": false,
      "name": "ERROR_HANDLER",
      "isRequired": false,
      "description": "",
      "datatype": "STRING",
      "allowsLists": false,
      "rName": "e.r.r.o.r..h.a.n.d.l.e.r",
      "useInR": true
    }
  ]
}