{
  "json_schema_major_version": "1",
  "json_schema_minor_version": "1",
  "json_content_version": "1",
  "function_name": "multi_case",
  "function_version": "1.2",
  "function_type": "non-driver",
  "short_description": "This function is used to categorize the input rows.",
  "long_description": "This function is used to categorize the input rows. Each row can be part of multiple groups.",
  "input_tables": [
    {
      "requiredInputKind": [
        "PartitionByAny"
      ],
      "isOrdered": false,
      "partitionByOne": false,
      "isRequired": true,
      "description": "",
      "datatype": "TABLE_ALIAS",
      "allowsLists": false,
      "useInR": true
    }
  ],
  "argument_clauses": [
    {
      "isOutputColumn": false,
      "allowPadding": true,
      "name": "labels",
      "isRequired": true,
      "description": "For each case, you must specify a label the function will apply to matches of that case. Specify this in the LABELS clause in the form, ' case1 AS \" label1 \"' .",
      "datatype": "STRING",
      "allowsLists": true,
      "rName": "labels",
      "useInR": true
    },
    {
      "defaultValue": "labels",
      "isOutputColumn": false,
      "name": "OutputColumn",
      "alternateNames": [
        "Label_Column_Name",
		"LabelColumnName"
      ],
      "isRequired": false,
      "description": "The name of the output column containing the labels. The default value is labels.",
      "datatype": "STRING",
      "allowsLists": false,
      "rName": "output.column",
      "useInR": true
    }
  ]
}