{
  "json_schema_major_version": "1",
  "json_schema_minor_version": "1",
  "json_content_version": "1",
  "function_name": "ngram",
  "function_version": "1.5",
  "function_type": "non-driver",
  "short_description": "Generates n-grams and their counts from specified input column.",
  "long_description": "Tokenizes the specified column and returns each unique n-gram with its associated count.",
  "input_tables": [
    {
      "requiredInputKind": [
        "PartitionByAny"
      ],
      "isOrdered": false,
      "partitionByOne": false,
      "isRequired": true,
      "description": "Each row of the input table contains a document to be tokenized. The input table can have additional rows, some or all of which the function returns in the output table.",
      "datatype": "TABLE_ALIAS",
      "allowsLists": false,
      "useInR": true
    }
  ],
  "argument_clauses": [
    {
      "checkDuplicate": false,
      "allowedTypeGroups": [
        "STRING"
      ],
      "requiredLength": 1,
      "allowPadding": true,
      "name": "TextColumn",
      "alternateNames": [
        "Text_Column"
      ],
      "isRequired": true,
      "description": "The name of the column that contains the input text. Input columns must contain string SQL types.",
      "datatype": "COLUMNS",
      "allowsLists": false,
      "rName": "text.column",
      "useInR": true
    },
    {
      "isOutputColumn": false,
      "allowPadding": true,
      "name": "Grams",
      "isRequired": true,
      "description": "A list of integers or ranges of integers that specify the length, in words, of each ngram (that is, the value of n).",
      "datatype": "STRING",
      "allowsLists": true,
      "rName": "grams",
      "useInR": true
    },
    {
      "defaultValue": true,
      "name": "OverLapping",
      "isRequired": false,
      "description": "A Boolean value that specifies whether the function allows overlapping n-grams. The default value is true.",
      "datatype": "BOOLEAN",
      "allowsLists": false,
      "rName": "over.lapping",
      "useInR": true
    },
    {
      "defaultValue": true,
      "name": "ToLowerCase",
      "alternateNames": [
        "Case_Insensitive",
		"CaseInsensitive"
      ],
      "isRequired": false,
      "description": "A Boolean value that specifies whether the function converts all letters in the input text to lowercase. The default value is true.",
      "datatype": "BOOLEAN",
      "allowsLists": false,
      "rName": "to.lower.case",
      "useInR": true
    },
    {
      "defaultValue": "[\\s]+",
      "isOutputColumn": false,
      "name": "Delimiter",
      "isRequired": false,
      "description": "A regular expression that specifies the character or string that separates words in the input text The default value is [\\s]+.",
      "datatype": "STRING",
      "allowsLists": false,
      "rName": "delimiter",
      "useInR": true
    },
    {
      "defaultValue": "[`~#^&*()-]",
      "isOutputColumn": false,
      "name": "Punctuation",
      "isRequired": false,
      "description": "A regular expression that specifies the punctuation characters for the function to remove before evaluating the input text. The default value is [`~#^&*()-].",
      "datatype": "STRING",
      "allowsLists": false,
      "rName": "punctuation",
      "useInR": true
    },
    {
      "defaultValue": "[.,?!]",
      "isOutputColumn": false,
      "name": "Reset",
      "isRequired": false,
      "description": "A regular expression that specifies the character or string that ends a sentence. The default value is [.,?!].",
      "datatype": "STRING",
      "allowsLists": false,
      "rName": "reset",
      "useInR": true
    },
    {
      "defaultValue": false,
      "name": "TotalGramCount",
      "alternateNames": [
        "Total"
      ],
      "isRequired": false,
      "description": "A Boolean value that specifies whether the function returns the total number of ngrams in the document (that is, in the row). The default value is false.",
      "datatype": "BOOLEAN",
      "allowsLists": false,
      "rName": "total.gram.count",
      "useInR": true
    },
    {
      "checkDuplicate": true,
      "allowPadding": true,
      "name": "Accumulate",
      "isRequired": false,
      "description": "The names of the columns to return for each n-gram.",
      "datatype": "COLUMNS",
      "allowsLists": true,
      "rName": "accumulate",
      "useInR": true
    },
    {
      "defaultValue": "ngram",
      "isOutputColumn": true,
      "name": "NGramColumn",
      "alternateNames": [
        "NGram_Column_Name",
		"NGramColumnName"
      ],
      "isRequired": false,
      "description": "The name of the column that is to contain the generated n-grams. The default value is ngram.",
      "datatype": "STRING",
      "allowsLists": false,
      "rName": "n.gram.column",
      "useInR": true
    },
    {
      "defaultValue": "n",
      "isOutputColumn": true,
      "name": "NumGramsColumn",
      "alternateNames": [
        "NumGrams_Column_Name",
		"NumGramsColumnName"
      ],
      "isRequired": false,
      "description": "The name of the column that is to contain the length of n-gram (in words). The default value is n.",
      "datatype": "STRING",
      "allowsLists": false,
      "rName": "num.grams.column",
      "useInR": true
    },
    {
      "defaultValue": "frequency",
      "isOutputColumn": true,
      "name": "FrequencyColumn",
      "alternateNames": [
        "Count_Column_Name",
		"CountColumnName"
      ],
      "isRequired": false,
      "description": "The name of the column that is to contain the count of each unique n-gram. The default value is frequency.",
      "datatype": "STRING",
      "allowsLists": false,
      "rName": "frequency.column",
      "useInR": true
    },
    {
      "defaultValue": "totalcnt",
      "isOutputColumn": true,
      "name": "TotalCountColumn",
      "alternateNames": [
        "Total_Count_Column_Name",
		"TotalCountColumnName"
      ],
      "isRequired": false,
      "description": "The name of the column to return if the value of the Total argument is 'true'. The default value is totalcnt.",
      "datatype": "STRING",
      "allowsLists": false,
      "rName": "total.count.column",
      "useInR": true
    }
  ]
}