{
  "json_schema_major_version": "1",
  "json_schema_minor_version": "1",
  "json_content_version": "1",
  "function_name": "path_start",
  "function_version": "1.2",
  "function_type": "non-driver",
  "short_description": "This function generates the children for a particular parent and sums up their counts",
  "long_description": "This is a partition function, with parent being the partition key. This function generates the children for a particular parent and sums up their counts.",
  "input_tables": [
    {
      "requiredInputKind": [
        "PartitionByKey"
      ],
      "isOrdered": false,
      "partitionByOne": false,
      "isRequired": true,
      "description": "The name of the table containing the input data.",
      "datatype": "TABLE_ALIAS",
      "allowsLists": false,
      "useInR": true
    }
  ],
  "argument_clauses": [
    {
      "checkDuplicate": true,
      "allowedTypes": [
        "character varying"
      ],
      "requiredLength": 1,
      "allowPadding": true,
      "name": "NodeColumn",
      "alternateNames": [
        "Node"
      ],
      "isRequired": true,
      "description": "Name of column that contains the path of the current node. Input columns can be the following SQL types: character varying.",
      "datatype": "COLUMNS",
      "allowsLists": false,
      "rName": "node.column",
      "useInR": true
    },
    {
      "checkDuplicate": true,
      "allowedTypes": [
        "character varying"
      ],
      "requiredLength": 1,
      "allowPadding": true,
      "name": "ParentColumn",
      "alternateNames": [
        "Parent"
      ],
      "isRequired": true,
      "description": "Name of the column that contains the path of the parent node. You must partition the input data on this column. Input columns can be the following SQL types: character varying.",
      "datatype": "COLUMNS",
      "allowsLists": false,
      "rName": "parent.column",
      "useInR": true
    },
    {
      "checkDuplicate": true,
      "allowedTypeGroups": [
        "INTEGER"
      ],
      "requiredLength": 1,
      "allowPadding": true,
      "name": "CountColumn",
      "alternateNames": [
        "Cnt"
      ],
      "isRequired": true,
      "description": "Name of the column containing the count values. Input columns must contain integer SQL types.",
      "datatype": "COLUMNS",
      "allowsLists": false,
      "rName": "count.column",
      "useInR": true
    },
    {
      "isOutputColumn": true,
      "allowPadding": true,
      "name": "PartitionNames",
      "isRequired": true,
      "description": "This is a comma-delimited list of names to be used in the output as the names of the partition-by columns. Make sure you specify one name in this clause for each column you included in the PARTITION BY clause.",
      "datatype": "STRING",
      "allowsLists": true,
      "rName": "partition.names",
      "useInR": true
    },
    {
      "defaultValue": ",",
      "isOutputColumn": false,
      "name": "Delimiter",
      "isRequired": false,
      "description": "Single-character delimiter used in the path string. The default value is ,.",
      "datatype": "STRING",
      "allowsLists": false,
      "rName": "delimiter",
      "useInR": true
    }
  ]
}