{
  "json_schema_major_version": "1",
  "json_schema_minor_version": "1",
  "json_content_version": "1",
  "function_name": "Pca_Map",
  "function_version": "1.2",
  "function_type": "non-driver",
  "short_description": "Computes intermediate statistics necessary for finding a matrix's principal components.",
  "long_description": "For a matrix X, computes X'X over rows on the partition.  These summaries are aggregated in future steps to compute the principal components.",
  "function_operation": "map",
  "partner_function": "Pca_Reduce",
  "expected_partition_column": "1",
  "input_tables": [
    {
      "requiredInputKind": [
        "PartitionByAny",
        "PartitionByKey"
      ],
      "isOrdered": false,
      "partitionByOne": false,
      "name": "input",
      "isRequired": true,
      "description": "The table containing the input attributes.",
      "datatype": "TABLE_ALIAS",
      "allowsLists": false,
      "rName": "input",
      "useInR": true
    }
  ],
  "argument_clauses": [
    {
      "targetTable": "input",
      "checkDuplicate": true,
      "allowedTypeGroups": [
        "NUMERIC"
      ],
      "allowPadding": true,
      "name": "TargetColumns",
      "alternateNames": [
        "Target_Columns"
      ],
      "isRequired": false,
      "description": "Column names or ranges specifying the attributes on which PCA will be performed. If not specified, the function will run PCA using all columns in the input table as attributes. Input columns must contain numeric SQL types.",
      "datatype": "COLUMNS",
      "allowsLists": true,
      "rName": "target.columns",
      "useInR": true
    }
  ]
}