{
  "json_schema_major_version": "1",
  "json_schema_minor_version": "1",
  "json_content_version": "1",
  "function_name": "RandomWalkSample",
  "function_version": "1.1",
  "function_type": "driver",
  "short_description": "Graph Random Walk Sample function.",
  "long_description": "Graph sampling using the random walk algorithm.",
  "input_tables": [
    {
      "requiredInputKind": [
        "PartitionByKey"
      ],
      "isOrdered": false,
      "partitionByOne": false,
      "name": "vertices",
      "isRequired": true,
      "description": "Specifies the vertices of the graph",
      "datatype": "TABLE_ALIAS",
      "allowsLists": false,
      "rName": "vertices",
      "useInR": true
    },
    {
      "requiredInputKind": [
        "PartitionByKey"
      ],
      "isOrdered": false,
      "partitionByOne": false,
      "name": "edges",
      "isRequired": true,
      "description": "Specifies the edges of the graph",
      "datatype": "TABLE_ALIAS",
      "allowsLists": false,
      "rName": "edges",
      "useInR": true
    }
  ],
  "argument_clauses": [
    {
      "isOutputColumn": false,
      "name": "Domain",
      "isRequired": false,
      "description": "The address of the Queen. The host parameter is the Aster Database Queen’s IP saddress or hostname.",
      "datatype": "DRIVER",
      "allowsLists": false,
      "useInR": false
    },
    {
      "isOutputColumn": false,
      "name": "Database",
      "isRequired": false,
      "description": "The name of the database where the input table is located.",
      "datatype": "DRIVER",
      "allowsLists": false,
      "useInR": false
    },
    {
      "isOutputColumn": false,
      "name": "UserId",
      "isRequired": false,
      "description": "The Aster Database user name of the user running this function.",
      "datatype": "DRIVER",
      "allowsLists": false,
      "useInR": false
    },
    {
      "isOutputColumn": false,
      "name": "Password",
      "isRequired": false,
      "description": "The Aster Database password of the user.",
      "datatype": "DRIVER",
      "allowsLists": false,
      "useInR": false
    },
    {
      "isOutputColumn": false,
      "name": "SSLSettings",
      "isRequired": false,
      "description": "A string that includes all the SSL settings, except the password for the truststore.",
      "datatype": "DRIVER",
      "allowsLists": false,
      "useInR": false
    },
    {
      "isOutputColumn": false,
      "name": "SSLTrustStorePassword",
      "isRequired": false,
      "description": "The password for the SSL truststore.",
      "datatype": "DRIVER",
      "allowsLists": false,
      "useInR": false
    },
    {
      "targetTable": "edges",
      "checkDuplicate": true,
      "allowPadding": true,
      "name": "TargetKey",
      "isRequired": true,
      "description": " The names of the columns in the edges table that identify the target vertex of an edge. This set of columns must have the same schema as the vertex_attributes and source_vertex_attributes.",
      "datatype": "COLUMNS",
      "allowsLists": true,
      "rName": "target.key",
      "useInR": true
    },
    {
      "defaultValue": 0.15,
      "lowerBound": 0,
      "upperBound": 1,
      "lowerBoundType": "EXCLUSIVE",
      "upperBoundType": "EXCLUSIVE",
      "allowNaN": false,
      "name": "SampleRate",
      "isRequired": false,
      "description": "The sampling rate. This value must be in the range (0, 1.0). The default value is 0.15 (15%)",
      "datatype": "DOUBLE",
      "allowsLists": false,
      "rName": "sample.rate",
      "useInR": true
    },
    {
      "defaultValue": 0.15,
      "lowerBound": 0,
      "upperBound": 1,
      "lowerBoundType": "EXCLUSIVE",
      "upperBoundType": "EXCLUSIVE",
      "allowNaN": false,
      "name": "FlyBackRate",
      "isRequired": false,
      "description": "The chance, when visiting a vertex, of flying back to the starting vertex. This value must be in the range (0, 1.0). The default value is 0.15 (15%).",
      "datatype": "DOUBLE",
      "allowsLists": false,
      "rName": "sample.rate",
      "useInR": true
    },
    {
      "allowNaN": false,
      "name": "seed",
      "isRequired": false,
      "description": "The seed used to generate a series of random numbers for sample_rate, flyback_rate, and any random number used internally. Specifying this value guarantees that the function result is repeatable on the same cluster. The default value is 1000.",
      "datatype": "INTEGER",
      "allowsLists": false,
      "rName": "seed",
      "useInR": true
    },
    {
      "isOutputColumn": true,
      "allowPadding": true,
      "name": "OutputTables",
      "isRequired": true,
      "description": "The names of the vertex and edge tables",
      "datatype": "STRING",
      "allowsLists": true,
      "rName": "output.tables",
      "useInR": true
    },
    {
      "checkDuplicate": true,
      "targetTable": "vertices",
      "allowPadding": true,
      "name": "Accumulate",
      "isRequired": false,
      "description": "The names of columns in the input vertex table (vertices) to copy to the output vertex table (vertex_table_name)",
      "datatype": "COLUMNS",
      "allowsLists": true,
      "rName": "accumulate",
      "useInR": true
    }
  ]
}