{
  "json_schema_major_version": "1",
  "json_schema_minor_version": "1",
  "json_content_version": "1",
  "function_name": "single_tree_predict",
  "function_version": "1.2",
  "function_type": "non-driver",
  "short_description": "Makes classification predictions based on a single desion tree model.",
  "long_description": "This function applies a single decision tree model for predicting each of the input test data items.",
  "input_tables": [
    {
      "requiredInputKind": [
        "PartitionByKey"
      ],
      "isOrdered": false,
      "partitionByOne": false,
      "name": "attribute_table",
      "isRequired": true,
      "description": "Specifies the name of the table containing the attribute names and the values",
      "datatype": "TABLE_ALIAS",
      "allowsLists": false,
      "rName": "attribute.table",
      "useInR": true
    },
    {
      "requiredInputKind": [
        "Dimension"
      ],
      "isOrdered": false,
      "partitionByOne": false,
      "name": "model_table",
      "isRequired": true,
      "description": "Specifies the name of the table containing the output model from single_tree_drive",
      "datatype": "TABLE_ALIAS",
      "allowsLists": false,
      "rName": "model.table",
      "useInR": true
    }
  ],
  "argument_clauses": [
    {
      "targetTable": "attribute_table",
      "isOutputColumn": false,
      "allowPadding": true,
      "name": "AttrTableGroupbyColumns",
      "alternateNames": [
        "AttrTable_GroupByColumns"
      ],
      "isRequired": true,
      "description": "Specifies the names of the columns on which attribute_table is partioned.",
      "datatype": "COLUMNS",
      "allowsLists": true,
      "rName": "attr.table.groupby.columns",
      "useInR": true
    },
    {
      "targetTable": "attribute_table",
      "isOutputColumn": false,
      "allowPadding": true,
      "name": "AttrTablePidColumns",
      "alternateNames": [
        "AttrTable_PidColumns"
      ],
      "isRequired": true,
      "description": "Specifies the names of the columns that define the point ids.",
      "datatype": "COLUMNS",
      "allowsLists": true,
      "rName": "attr.table.pid.columns",
      "useInR": true
    },
    {
      "targetTable": "attribute_table",
      "isOutputColumn": false,
      "name": "AttrTableValColumn",
      "alternateNames": [
        "AttrTable_ValColumn"
      ],
      "isRequired": true,
      "description": "Specifies the names of attribute table columns that define the attribute value.",
      "datatype": "COLUMNS",
      "allowsLists": false,
      "rName": "attr.table.val.column",
      "useInR": true
    },
    {
      "targetTable": "model_table",
      "isOutputColumn": false,
      "name": "MODELTABLE_ATTRCOLUMNS",
      "isRequired": true,
      "description": "",
      "datatype": "COLUMNS",
      "allowsLists":false
    },
    {
      "targetTable": "model_table",
      "isOutputColumn": false,
      "name": "MODELTABLE_NODECOLUMN",
      "isRequired": true,
      "description": "",
      "datatype": "COLUMNS",
      "allowsLists":false
    },
    {
      "targetTable": "model_table",
      "isOutputColumn": false,
      "name": "MODELTABLE_SIZECOLUMN",
      "isRequired": true,
      "description": "",
      "datatype": "COLUMNS",
      "allowsLists":false
    },
    {
      "targetTable": "model_table",
      "isOutputColumn": false,
      "name": "MODELTABLE_LEFTSIZECOLUMN",
      "isRequired": true,
      "description": "",
      "datatype": "COLUMNS",
      "allowsLists":false
    },
    {
      "targetTable": "model_table",
      "isOutputColumn": false,
      "name": "MODELTABLE_RIGHTSIZECOLUMN",
      "isRequired": true,
      "description": "",
      "datatype": "COLUMNS",
      "allowsLists":false
    },
    {
      "targetTable": "model_table",
      "isOutputColumn": false,
      "name": "MODELTABLE_SPLITCOLUMN",
      "isRequired": true,
      "description": "",
      "datatype": "COLUMNS",
      "allowsLists":false
    },
    {
      "targetTable": "model_table",
      "isOutputColumn": false,
      "name": "MODELTABLE_LABELCOLUMN",
      "isRequired": true,
      "description": "",
      "datatype": "COLUMNS",
      "allowsLists":false
    },
    {
      "targetTable": "model_table",
      "isOutputColumn": false,
      "name": "MODELTABLE_LEFTLABELCOLUMN",
      "isRequired": true,
      "description": "",
      "datatype": "COLUMNS",
      "allowsLists":false
    },
    {
      "targetTable": "model_table",
      "isOutputColumn": false,
      "name": "MODELTABLE_RIGHTLABELCOLUMN",
      "isRequired": true,
      "description": "",
      "datatype": "COLUMNS",
      "allowsLists":false
    }
  ]
}