{
  "json_schema_major_version": "1",
  "json_schema_minor_version": "1",
  "json_content_version": "1",
  "function_name": "single_tree_drive",
  "function_version": "1.3",
  "function_type": "driver",
  "short_description": "This is a driver function to build a single tree model",
  "long_description": "The Single_Tree_Drive function takes the entire data set as training input and builds a single decision tree from it",
  "argument_clauses": [
    {
      "isOutputColumn": false,
      "name": "Domain",
      "isRequired": false,
      "description": "The address of the Queen. The host parameter is the Aster Database Queen’s IP saddress or hostname.",
      "datatype": "DRIVER",
      "allowsLists": false,
      "useInR": false
    },
    {
      "isOutputColumn": false,
      "name": "Database",
      "isRequired": false,
      "description": "The name of the database where the input table is located.",
      "datatype": "DRIVER",
      "allowsLists": false,
      "useInR": false
    },
    {
      "isOutputColumn": false,
      "name": "UserId",
      "isRequired": false,
      "description": "The Aster Database user name of the user running this function.",
      "datatype": "DRIVER",
      "allowsLists": false,
      "useInR": false
    },
    {
      "isOutputColumn": false,
      "name": "Password",
      "isRequired": false,
      "description": "The Aster Database password of the user.",
      "datatype": "DRIVER",
      "allowsLists": false,
      "useInR": false
    },
    {
      "isOutputColumn": false,
      "name": "SSLSettings",
      "isRequired": false,
      "description": "A string that includes all the SSL settings, except the password for the truststore.",
      "datatype": "DRIVER",
      "allowsLists": false,
      "useInR": false
    },
    {
      "isOutputColumn": false,
      "name": "SSLTrustStorePassword",
      "isRequired": false,
      "description": "The password for the SSL truststore.",
      "datatype": "DRIVER",
      "allowsLists": false,
      "useInR": false
    },
    {
      "isOutputTable": false,
      "name": "AttributeTableName",
      "isRequired": true,
      "description": "The name of the table containing the attribute names and the values.",
      "datatype": "TABLE_NAME",
      "allowsLists": false,
      "rName": "attribute.table.name",
      "useInR": true
    },
    {
      "isOutputTable": false,
      "name": "CategoricalAttributeTableName",
      "isRequired": false,
      "description": "The name of the input table containing the categorical attributes.",
      "datatype": "TABLE_NAME",
      "allowsLists": false,
      "rName": "categorical.attribute.table.name",
      "useInR": true
    },
    {
      "isOutputTable": false,
      "name": "ResponseTableName",
      "isRequired": true,
      "description": "The name of the table containing the response values.",
      "datatype": "TABLE_NAME",
      "allowsLists": false,
      "rName": "response.table.name",
      "useInR": true
    },
    {
      "isOutputTable": true,
      "name": "OutputTable",
      "alternateNames": [
        "OutputTableName"
      ],
      "isRequired": true,
      "description": "The name for the output table that is to contain the final decision tree",
      "datatype": "TABLE_NAME",
      "allowsLists": false,
      "rName": "output.table",
      "useInR": true
    },
    {
      "isOutputTable": false,
      "name": "SplitsTable",
      "alternateNames": [
        "SplitsTableName"
      ],
      "isRequired": false,
      "description": "The name of the input table that contains the user-specified splits.",
      "datatype": "TABLE_NAME",
      "allowsLists": false,
      "rName": "splits.table",
      "useInR": true
    },
    {
      "isOutputTable": true,
      "name": "IntermediateSplitsTable",
      "alternateNames": [
        "MaterializeSplitsTableWithName"
      ],
      "isRequired": false,
      "description": "The name for the intermediate splits table, if it is to be saved.",
      "datatype": "TABLE_NAME",
      "allowsLists": false,
      "rName": "intermediate.splits.table",
      "useInR": true
    },
    {
      "isOutputTable": true,
      "name": "SaveFinalResponseTableTo",
      "isRequired": false,
      "description": "",
      "datatype": "TABLE_NAME",
      "allowsLists": false,
      "rName": "save.final.response.table.to",
      "useInR": true
    },
    {
      "targetTable": "SplitsTable",
      "checkDuplicate": true,
      "allowPadding": true,
      "name": "SplitsValueColumn",
      "isRequired": false,
      "description": "the name of the column containing the split value",
      "datatype": "COLUMN_NAMES",
      "allowsLists": true,
      "rName": "splits.value.column",
      "useInR": true
    },
    {
      "defaultValue": 10,
      "lowerBound": 1,
      "lowerBoundType": "INCLUSIVE",
      "allowNaN": false,
      "name": "NumSplits",
      "isRequired": false,
      "description": "The number of splits to consider for each variable. The input value must be no less than 1. The default value is 10.",
      "datatype": "INTEGER",
      "allowsLists": false,
      "rName": "num.splits",
      "useInR": true
    },
    {
      "defaultValue": true,
      "name": "ApproxSplits",
      "alternateNames": [
        "UseApproximateSplits"
      ],
      "isRequired": false,
      "description": "Specifies whether to use approximate percentiles The default value is true.",
      "datatype": "BOOLEAN",
      "allowsLists": false,
      "rName": "approx.splits",
      "useInR": true
    },
    {
      "defaultValue": false,
      "name": "DropTable",
      "isRequired": false,
      "description": "Specifies whether to drop the output table The default value is false.",
      "datatype": "BOOLEAN",
      "allowsLists": false,
      "rName": "drop.table",
      "useInR": true
    },
    {
      "defaultValue": 100,
      "allowNaN": false,
      "name": "MinNodeSize",
      "isRequired": false,
      "description": "A decision tree stopping criterion The default value is 100.",
      "datatype": "INTEGER",
      "allowsLists": false,
      "rName": "min.node.size",
      "useInR": true
    },
    {
      "defaultValue": 5,
      "lowerBound": 1,
      "upperBound": 60,
      "lowerBoundType": "INCLUSIVE",
      "upperBoundType": "INCLUSIVE",
      "allowNaN": false,
      "name": "MaxDepth",
      "alternateNames": [
        "Max_Depth"
      ],
      "isRequired": false,
      "description": "A decision tree stopping criterion. The input value must be no less than 1 and no greater than 60. The default value is 5.",
      "datatype": "INTEGER",
      "allowsLists": false,
      "rName": "max.depth",
      "useInR": true
    },
    {
      "permittedValues": [
        "GINI",
        "ENTROPY",
        "CHISQUARE"
      ],
      "defaultValue": "gini",
      "isOutputColumn": false,
      "name": "SplitMeasure",
      "alternateNames": [
        "ImpurityMeasurement"
      ],
      "isRequired": false,
      "description": "The impurity measurement to be used while constructing the decision tree. The permitted input values are [GINI, ENTROPY, CHISQUARE]. The default value is gini.",
      "datatype": "STRING",
      "allowsLists": false,
      "rName": "split.measure",
      "useInR": true
    },
    {
      "isOutputColumn": false,
      "allowPadding": true,
      "name": "AttributeNameColumns",
      "isRequired": true,
      "description": "The names of attribute table columns that define the attribute.",
      "datatype": "STRING",
      "allowsLists": true,
      "rName": "attribute.name.columns",
      "useInR": true
    },
    {
      "targetTable": "AttributeTableName",
      "checkDuplicate": true,
      "allowPadding": true,
      "name": "AttributeValueColumn",
      "isRequired": true,
      "description": "The names of attribute table columns that define the value.",
      "datatype": "COLUMN_NAMES",
      "allowsLists": true,
      "rName": "attribute.value.column",
      "useInR": true
    },
    {
      "targetTable": "ResponseTableName",
      "checkDuplicate": true,
      "allowPadding": true,
      "name": "ResponseColumn",
      "isRequired": true,
      "description": "The name of the column in the response table that contains the response.",
      "datatype": "COLUMN_NAMES",
      "allowsLists": true,
      "rName": "response.column",
      "useInR": true
    },
    {
      "isOutputColumn": false,
      "allowPadding": true,
      "name": "IdColumns",
      "isRequired": true,
      "description": "The names of the columns in the response and attribute tables that specify the ID of the instance.",
      "datatype": "STRING",
      "allowsLists": true,
      "rName": "id.columns",
      "useInR": true
    },
    {
      "defaultValue": false,
      "name": "Weighted",
      "isRequired": false,
      "description": "Whether to add weighted option or not The default value is false.",
      "datatype": "BOOLEAN",
      "allowsLists": false,
      "rName": "weighted",
      "useInR": true
    },
    {
      "targetTable": "ResponseTableName",
      "checkDuplicate": true,
      "allowedTypeGroups": [
        "NUMERIC"
      ],
      "allowPadding": true,
      "name": "WeightColumn",
      "isRequired": false,
      "description": "weight column in the table Input columns must contain numeric SQL types.",
      "datatype": "COLUMN_NAMES",
      "allowsLists": true,
      "rName": "weight.column",
      "useInR": true
    }
  ]
}