{
  "json_schema_major_version": "1",
  "json_schema_minor_version": "1",
  "json_content_version": "1",
  "function_name": "smavg",
  "function_version": "1.2",
  "function_type": "non-driver",
  "short_description": "Computes Simple Moving Averages",
  "long_description": "The simple moving average computes the average over a number of points in a series.",
  "input_tables": [
    {
      "requiredInputKind": [
        "PartitionByKey"
      ],
      "isOrdered": true,
      "partitionByOne": false,
      "isRequired": true,
      "description": "Input table.",
      "datatype": "TABLE_ALIAS",
      "allowsLists": false,
      "useInR": true
    }
  ],
  "argument_clauses": [
    {
      "defaultValue": 10,
      "lowerBound": 3,
      "lowerBoundType": "INCLUSIVE",
      "allowNaN": false,
      "name": "WindowSize",
      "alternateNames": [
        "Window_Size"
      ],
      "isRequired": false,
      "description": "Specifies the number of old values to be considered for calculating the new weighted moving average. The input value must be no less than 3. The default value is 10.",
      "datatype": "INTEGER",
      "allowsLists": false,
      "rName": "window.size",
      "useInR": true
    },
    {
      "defaultValue": false,
      "name": "IncludeFirst",
      "alternateNames": [
        "Return_All",
		"ReturnAll"
      ],
      "isRequired": false,
      "description": "Specifies whether the first START_ROWS rows should be included in the output or not. The default value is false.",
      "datatype": "BOOLEAN",
      "allowsLists": false,
      "rName": "include.first",
      "useInR": true
    },
    {
      "checkDuplicate": true,
      "allowedTypeGroups": [
        "NUMERIC"
      ],
      "allowPadding": true,
      "name": "TargetColumns",
      "alternateNames": [
        "Columns"
      ],
      "isRequired": false,
      "description": "Name of the column name for which the exponential moving average will be calculated. Input columns must contain numeric SQL types.",
      "datatype": "COLUMNS",
      "allowsLists": true,
      "rName": "target.columns",
      "useInR": true
    }
  ]
}