{
  "json_schema_major_version": "1",
  "json_schema_minor_version": "1",
  "json_content_version": "1",
  "function_name": "TextTokenizer",
  "function_version": "3.2",
  "function_type": "non-driver",
  "short_description": "Text classification SQL/MR function",
  "long_description": "Predict the category of the document in each text column",
  "input_tables": [
    {
      "requiredInputKind": [
        "PartitionByAny"
      ],
      "isOrdered": false,
      "partitionByOne": false,
      "isRequired": true,
      "description": "The relation contains the text to be scaned",
      "datatype": "TABLE_ALIAS",
      "allowsLists": false,
      "useInR": true
    },
    {
      "requiredInputKind": [
        "Dimension"
      ],
      "isOrdered": false,
      "partitionByOne": false,
      "name": "dict",
      "isRequired": false,
      "description": "The relation that contains the dictionary for segementing words.",
      "datatype": "TABLE_ALIAS",
      "allowsLists": false,
      "rName": "dict",
      "useInR": true
    }
  ],
  "argument_clauses": [
    {
      "permittedValues": [
        "en",
        "zh_CN",
        "zh_TW",
        "jp"
      ],
      "defaultValue": "en",
      "isOutputColumn": false,
      "name": "Language",
      "isRequired": false,
      "description": "The language used in the input text (language_type). The supported values are: 'en' | 'zh_CN' | 'zh_TW' | 'jp'. The default is 'en' The permitted input values are [en, zh_CN, zh_TW, jp]. The default value is en.",
      "datatype": "STRING",
      "allowsLists": false,
      "rName": "language",
      "useInR": true
    },
    {
      "checkDuplicate": true,
      "requiredLength": 1,
      "allowPadding": true,
      "name": "TextColumn",
      "isRequired": true,
      "description": "The input table column that contains the text to be segmented",
      "datatype": "COLUMNS",
      "allowsLists": false,
      "rName": "text.column",
      "useInR": true
    },
    {
      "defaultValue": "/",
      "isOutputColumn": false,
      "name": "OutputDelimiter",
      "isRequired": false,
      "description": "The delimiter used to separate the words in the output. The default value is '/'. The default value is /.",
      "datatype": "STRING",
      "allowsLists": false,
      "rName": "output.delimiter",
      "useInR": true
    },
    {
      "defaultValue": false,
      "name": "OutputByWord",
      "isRequired": false,
      "description": "If 'true', the output is one line for each text; otherwise the output is per word per row. The default is 'false'. The default value is false.",
      "datatype": "BOOLEAN",
      "allowsLists": false,
      "rName": "output.by.word",
      "useInR": true
    },
    {
      "isOutputColumn": false,
      "name": "userDictionaryFile",
      "isRequired": false,
      "description": "The terms listed in a user dictionary (English, Chinese, or Japanese) that are applied during text tokenization",
      "datatype": "STRING",
      "allowsLists": false,
      "rName": "user.dictionary.file",
      "useInR": true
    },
    {
      "isOutputColumn": false,
      "name": "Model",
      "isRequired": false,
      "description": "The model file name. The default is an embedded dictionary to segment Chinese text and uses white spaces to separate English text",
      "datatype": "STRING",
      "allowsLists": false,
      "rName": "model",
      "useInR": true
    },
    {
      "checkDuplicate": true,
      "allowPadding": true,
      "name": "Accumulate",
      "isRequired": false,
      "description": "Columns from the input table to be passed through from input to output.",
      "datatype": "COLUMNS",
      "allowsLists": true,
      "rName": "accumulate",
      "useInR": true
    }
  ]
}