{
  "json_schema_major_version": "1",
  "json_schema_minor_version": "1",
  "json_content_version": "1",
  "function_name": "ApproxPercentileReduce",
  "function_version": "1.1",
  "function_type": "non-driver",
  "short_description": "This function computes approximate percentiles for one or more columns of data.",
  "long_description": "This function computes approximate percentiles for one or more columns of data.",
  "input_tables": [
    {
      "isOrdered": false,
      "partitionByOne": false,
      "name": "InputTable",
      "isRequired": true,
      "description": "Specifies the table containing the input data.",
      "datatype": "TABLE_ALIAS",
      "allowsLists": false,
      "rName": "input.table",
      "useInR": true
    }
  ],
  "argument_clauses": [
    {
      "defaultValue": [
        0.0,
        25.0,
        50.0,
        75.0,
        100.0
      ],
      "lowerBound": 0,
      "upperBound": 100,
      "lowerBoundType": "INCLUSIVE",
      "upperBoundType": "INCLUSIVE",
      "allowPadding": true,
      "name": "Percentile",
      "isRequired": false,
      "description": "A comma separated list of double values that specifies which approximate percentiles you wish to compute. Each input value must be no less than 0.0 and no greater than 100.0. The default value is [0.0, 25.0, 50.0, 75.0, 100.0].",
      "datatype": "DOUBLE",
      "allowsLists": true,
      "rName": "percentile",
      "useInR": true
    },
    {
      "targetTable": "InputTable",
      "checkDuplicate": true,
      "allowPadding": true,
      "name": "GroupColumns",
      "alternateNames": [
        "Group_Columns"
      ],
      "isRequired": false,
      "description": "Specifies the columns to group the data by. ",
      "datatype": "COLUMNS",
      "allowsLists": true,
      "rName": "group.columns",
      "useInR": true
    }
  ]
}