{
  "json_schema_major_version": "1",
  "json_schema_minor_version": "1",
  "json_content_version": "1",
  "function_name": "ChangePointDetection",
  "function_version": "1.1",
  "function_type": "non-driver",
  "short_description": "ChangePointDetection function detects change point for retrospective data.",
  "long_description": "ChangePointDetection function detects change point for retrospective data.",
  "input_tables": [
    {
      "requiredInputKind": [
        "PartitionByKey"
      ],
      "isOrdered": true,
      "partitionByOne": false,
      "isRequired": true,
      "description": "This table defining the input time series data.",
      "datatype": "TABLE_ALIAS",
      "allowsLists": false,
      "useInR": true
    }
  ],
  "argument_clauses": [
    {
      "permittedValues": [
        "normal_distribution",
        "linear_regression"
      ],
      "defaultValue": "normal_distribution",
      "isOutputColumn": false,
      "name": "SegmentationMethod",
      "isRequired": false,
      "description": "The fitting method for each segmentation.  The permitted input values are [normal_distribution, linear_regression]. The default value is normal_distribution.",
      "datatype": "STRING",
      "allowsLists": false,
      "rName": "segmentation.method",
      "useInR": true
    },
    {
      "permittedValues": [
        "binary"
      ],
      "defaultValue": "binary",
      "isOutputColumn": false,
      "name": "SearchMethod",
      "isRequired": false,
      "description": "Method to search change point. The only permitted input value is binary. The default value is binary.",
      "datatype": "STRING",
      "allowsLists": false,
      "rName": "search.method",
      "useInR": true
    },
    {
      "checkDuplicate": true,
      "allowedTypeGroups": [
        "NUMERIC"
      ],
      "requiredLength": 1,
      "allowPadding": true,
      "name": "ValueColumn",
      "isRequired": true,
      "description": "The column with time series data to process. Input columns must contain numeric SQL types.",
      "datatype": "COLUMNS",
      "allowsLists": false,
      "rName": "value.column",
      "useInR": true
    },
    {
      "defaultValue": 10,
      "lowerBound": 0,
      "lowerBoundType": "EXCLUSIVE",
      "allowNaN": false,
      "name": "MaxChangeNum",
      "isRequired": false,
      "description": "The maximum count of change point number. The input value must be greater than 0. The default value is 10.",
      "datatype": "INTEGER",
      "allowsLists": false,
      "rName": "max.change.num",
      "useInR": true
    },
    {
      "defaultValue": "BIC",
      "isOutputColumn": false,
      "name": "Penalty",
      "isRequired": false,
      "description": "Penalty function which is used to avoid the over fitting. The default value is BIC.",
      "datatype": "STRING",
      "allowsLists": false,
      "rName": "penalty",
      "useInR": true
    },
    {
      "checkDuplicate": true,
      "allowPadding": true,
      "name": "Accumulate",
      "isRequired": true,
      "description": "Additional columns which will be appended to output table.",
      "datatype": "COLUMNS",
      "allowsLists": true,
      "rName": "accumulate",
      "useInR": true
    },
    {
      "permittedValues": [
        "changepoint",
        "segment",
        "verbose"
      ],
      "defaultValue": "changepoint",
      "isOutputColumn": false,
      "name": "OutputOption",
      "isRequired": false,
      "description": "Output columns option. The permitted input values are [changepoint, segment, verbose]. The default value is changepoint.",
      "datatype": "STRING",
      "allowsLists": false,
      "rName": "output.option",
      "useInR": true
    }
  ]
}