{
  "json_schema_major_version": "1",
  "json_schema_minor_version": "1",
  "json_content_version": "1",
  "function_name": "GeometryLoader",
  "function_version": "1.1",
  "function_type": "non-driver",
  "short_description": "This function is adopted to convert geometry formats.",
  "long_description": "This function is adopted to fetch various file-based geospatial from AFS, parse the format and output them into database relations.",
  "input_tables": [
    {
      "isOrdered": false,
      "partitionByOne": false,
      "isRequired": true,
      "description": "An empty fact table used to run the function.",
      "datatype": "TABLE_ALIAS",
      "allowsLists": false,
      "useInR": true
    }
  ],
  "argument_clauses": [
    {
      "isOutputColumn": false,
      "allowPadding": true,
      "name": "Path",
      "isRequired": true,
      "description": "The AFS directory or file name to fetch the geometry files from. Regular expressions are allowed in the argument.",
      "datatype": "STRING",
      "allowsLists": true,
      "rName": "path",
      "useInR": true
    },
    {
      "isOutputColumn": false,
      "name": "Host",
      "isRequired": false,
      "description": "The hostname/ipaddress of the AFS server",
      "datatype": "STRING",
      "allowsLists": false,
      "rName": "host",
      "useInR": true
    },
    {
      "defaultValue": 2601,
      "allowNaN": false,
      "name": "Port",
      "isRequired": false,
      "description": "The port on the AFS server to connect to. The default value is 2601.",
      "datatype": "INTEGER",
      "allowsLists": false,
      "rName": "port",
      "useInR": true
    },
    {
      "isOutputColumn": false,
      "name": "InputFormat",
      "isRequired": false,
      "description": "The format of the geospatial data in the specified files. The supported formats are kml, geojson, shp, mapinfo, and csv. The default is the function tries to determine the format automatically",
      "datatype": "STRING",
      "allowsLists": false,
      "rName": "input.format",
      "useInR": true
    },
    {
      "permittedValues": [
        "wkt",
        "json",
        "kml",
        "gml"
      ],
      "defaultValue": "wkt",
      "isOutputColumn": false,
      "name": "OutputFormat",
      "isRequired": false,
      "description": "The representation format of geospatial output data. The permitted input values are [wkt, json, kml, gml]. The default value is wkt.",
      "datatype": "STRING",
      "allowsLists": false,
      "rName": "output.format",
      "useInR": true
    },
    {
      "isOutputColumn": false,
      "allowPadding": true,
      "name": "OutputAttributes",
      "isRequired": false,
      "description": "The output column names and types. The supported column types are varchar, int, and double.",
      "datatype": "STRING",
      "allowsLists": true,
      "rName": "output.attributes",
      "useInR": true
    }
  ]
}