{"json_schema_major_version":"1","json_schema_minor_version":"1",
  "json_content_version":"1","function_name":"glm","function_version":
  "1.6","function_type":"driver","short_description":
  "This function creates a generalized linear model.","long_description":
  "This function does linear regression model. GLM is an extension of the linear regression model that enables the linear equation to be related to the dependent variables by a link function.",
  "argument_clauses":[{"isOutputColumn":false,"name":"Domain","isRequired":
      false,"description":
      "The address of the Queen. The host parameter is the Aster Database Queen’s IP saddress or hostname.",
      "datatype":"DRIVER","allowsLists":false,"useInR":false},{
      "isOutputColumn":false,"name":"Database","isRequired":false,
      "description":
      "The name of the database where the input table is located.",
      "datatype":"DRIVER","allowsLists":false,"useInR":false},{
      "isOutputColumn":false,"name":"UserId","isRequired":false,
      "description":
      "The Aster Database user name of the user running this function.",
      "datatype":"DRIVER","allowsLists":false,"useInR":false},{
      "isOutputColumn":false,"name":"Password","isRequired":false,
      "description":"The Aster Database password of the user.","datatype":
      "DRIVER","allowsLists":false,"useInR":false},{"isOutputColumn":false,
      "name":"SSLSettings","isRequired":false,"description":
      "A string that includes all the SSL settings, except the password for the truststore.",
      "datatype":"DRIVER","allowsLists":false,"useInR":false},{
      "isOutputColumn":false,"name":"SSLTrustStorePassword","isRequired":
      false,"description":"The password for the SSL truststore.","datatype":
      "DRIVER","allowsLists":false,"useInR":false},{"isOutputTable":false,
      "name":"InputTable","isRequired":true,"description":
      "Specifies the table containing the input data.","datatype":
      "TABLE_NAME","allowsLists":false,"rName":"input.table","useInR":true},{
      "isOutputTable":true,"name":"OutputTable","isRequired":true,
      "description":"Specifies the output table.","datatype":"TABLE_NAME",
      "allowsLists":false,"rName":"output.table","useInR":true},{
      "isOutputColumn":false,"allowPadding":true,"name":"InputColumns",
      "alternateNames":["ColumnNames"],"isRequired":false,"description":
      "Specifies the names of the columns of the input table that contain the response and predictors like Y,X1,X2,...,Xp.",
      "datatype":"STRING","allowsLists":true,"rName":"input.columns",
      "useInR":true},{"permittedValues":["LOGISTIC","BINOMIAL","POISSON",
        "GAUSSIAN","GAMMA","INVERSE_GAUSSIAN","NEGATIVE_BINOMIAL"],
      "defaultValue":"BINOMIAL","isOutputColumn":false,"name":"Family",
      "isRequired":false,"description":
      "Specifies the distribution exponential family. The permitted input values are [LOGISTIC, BINOMIAL, POISSON, GAUSSIAN, GAMMA, INVERSE_GAUSSIAN, NEGATIVE_BINOMIAL]. The default value is BINOMIAL.",
      "datatype":"STRING","allowsLists":false,"rName":"family","useInR":
      true},{"isOutputColumn":false,"allowPadding":true,"name":
      "CategoricalColumns","isRequired":false,"description":
      "Specifies columnname-value pairs, 'columnname:max_cardinality' or 'columnname:(category [, ...])' or 'columnname'",
      "datatype":"STRING","allowsLists":true,"rName":"categorical.columns",
      "useInR":true},{"permittedValues":["CANONICAL","IDENTITY","INVERSE",
        "LOG","COMPLEMENTARY_LOG_LOG","SQUARE_ROOT","INVERSE_MU_SQUARED",
        "LOGIT","PROBIT","CAUCHIT"],"defaultValue":"CANONICAL",
      "isOutputColumn":false,"name":"Link","isRequired":false,"description":
      "Specifies the canonical link functions. The permitted input values are [CANONICAL, IDENTITY, INVERSE, LOG, COMPLEMENTARY_LOG_LOG, SQUARE_ROOT, INVERSE_MU_SQUARED, LOGIT, PROBIT, CAUCHIT]. The default value is CANONICAL.",
      "datatype":"STRING","allowsLists":false,"rName":"link","useInR":true},{
      "defaultValue":"1.0","isOutputColumn":false,"name":"Weight",
      "isRequired":false,"description":
      "Specifies the name of an input table column that contains the weights to assign to responses. The default value is 1.0.",
      "datatype":"STRING","allowsLists":false,"rName":"weight","useInR":
      true},{"defaultValue":0.01,"allowNaN":false,"name":"Threshold",
      "isRequired":false,"description":
      "Specify the convergence threshold. The default value is 0.01.",
      "datatype":"DOUBLE","allowsLists":false,"rName":"threshold","useInR":
      true},{"defaultValue":25,"lowerBound":0,"lowerBoundType":"EXCLUSIVE",
      "allowNaN":false,"name":"MaxIterNum","isRequired":false,"description":
      "Specifies the maximum number of steps the function executes before quitting if the convergence threshold has not been met. The input value must be greater than 0. The default value is 25.",
      "datatype":"INTEGER","allowsLists":false,"rName":"max.iter.num",
      "useInR":true},{"defaultValue":true,"name":"Intercept","isRequired":
      false,"description":
      "Specifies whether an intercept is included in the model. The default value is true.",
      "datatype":"BOOLEAN","allowsLists":false,"rName":"intercept","useInR":
      true},{"defaultValue":false,"name":"Step","isRequired":false,
      "description":
      "Specifies whether the function runs stepwise glm. The default value is false.",
      "datatype":"BOOLEAN","allowsLists":false,"rName":"step","useInR":
      true}]}

