{
  "json_schema_major_version": "1",
  "json_schema_minor_version": "1",
  "json_content_version": "1",
  "function_name": "GTree",
  "function_version": "1.0",
  "function_type": "graph",
  "short_description": "Implements the GTree SQL-GR function.",
  "long_description": "GTree is a SQL-GR function used for analyzing hierarchical data.",
  "input_tables": [
    {
      "requiredInputKind": [
        "PartitionByKey"
      ],
      "isOrdered": false,
      "partitionByOne": false,
      "name": "vertices",
      "isRequired": true,
      "description": "The table defining the set of vertices in the graph.",
      "datatype": "TABLE_ALIAS",
      "allowsLists": false,
      "rName": "vertices",
      "useInR": true
    },
    {
      "requiredInputKind": [
        "PartitionByKey"
      ],
      "isOrdered": false,
      "partitionByOne": false,
      "name": "edges",
      "isRequired": true,
      "description": "The table defining the set of edges in the graph.",
      "datatype": "TABLE_ALIAS",
      "allowsLists": false,
      "rName": "edges",
      "useInR": true
    },
    {
      "requiredInputKind": [
        "PartitionByKey"
      ],
      "isOrdered": false,
      "partitionByOne": false,
      "name": "root",
      "isRequired": true,
      "description": "The table defining the set of vertices from which GTree will start traversing the graph.",
      "datatype": "TABLE_ALIAS",
      "allowsLists": false,
      "rName": "root",
      "useInR": true
    }
  ],
  "argument_clauses": [
    {
      "targetTable": "edges",
      "checkDuplicate": true,
      "allowPadding": true,
      "name": "TargetKey",
      "isRequired": true,
      "description": "The vertex key consisting of one or more columns in the edges table that identifies the target vertex of an edge.",
      "datatype": "COLUMNS",
      "allowsLists": true,
      "rName": "target.key",
      "useInR": true
    },
    {
      "defaultValue": false,
      "name": "AllowCycles",
      "isRequired": false,
      "description": "Indicates whether or not the input graph can include cycles. The default value is false.",
      "datatype": "BOOLEAN",
      "allowsLists": false,
      "rName": "allow.cycles",
      "useInR": true
    },
    {
      "defaultValue": 1000,
      "lowerBound": 0,
      "lowerBoundType": "EXCLUSIVE",
      "allowNaN": false,
      "name": "MaxIterNum",
      "isRequired": false,
      "description": "The maximum depth to which GTree will traverse the graph. The input value must be greater than 0. The default value is 1000.",
      "datatype": "INTEGER",
      "allowsLists": false,
      "rName": "max.iter.num",
      "useInR": true
    },
    {
      "permittedValues": [
        "ALL",
        "END"
      ],
      "defaultValue": "END",
      "isOutputColumn": false,
      "name": "Output",
      "isRequired": false,
      "description": "Indicates whether GTree will output all paths or only those that terminate due to reaching a leaf vertex, a cycle, or the max number of iterations. The permitted input values are [ALL, END]. The default value is END.",
      "datatype": "STRING",
      "allowsLists": false,
      "rName": "output",
      "useInR": true
    },
    {
      "isOutputColumn": false,
      "allowPadding": true,
      "name": "Results",
      "isRequired": false,
      "description": "A sequence of aggregate functions to be calculated along each vertex path by GTree. See manual for the list of supported aggregates.",
      "datatype": "STRING",
      "allowsLists": true,
      "rName": "results",
      "useInR": true
    },
    {
      "isOutputColumn": false,
      "allowPadding": true,
      "name": "EdgeResults",
      "isRequired": false,
      "description": "A sequence of aggregate functions to be calculated along each edge path by GTree. See manual for the list of supported aggregates.",
      "datatype": "STRING",
      "allowsLists": true,
      "rName": "edge.results",
      "useInR": true
    }
  ]
}