{
  "json_schema_major_version": "1",
  "json_schema_minor_version": "1",
  "json_content_version": "1",
  "function_name": "idwt2d",
  "function_version": "1.3",
  "function_type": "driver",
  "short_description": "This function performs 2D reverse wavelet transform. ",
  "long_description": "This function is a driver function used for 2D DWT inverse transformation (reconstruction).  It can perform transformation on multiple sequences simultaneously.  For each sequence, the related wavelet coefficients are stored in the meta table.  Finally, the function reconstructs values in time domain. ",
  "argument_clauses": [
    {
      "isOutputColumn": false,
      "name": "Domain",
      "isRequired": false,
      "description": "The address of the Queen. The host parameter is the Aster Database Queen’s IP saddress or hostname.",
      "datatype": "DRIVER",
      "allowsLists": false,
      "useInR": false
    },
    {
      "isOutputColumn": false,
      "name": "Database",
      "isRequired": false,
      "description": "The name of the database where the input table is located.",
      "datatype": "DRIVER",
      "allowsLists": false,
      "useInR": false
    },
    {
      "isOutputColumn": false,
      "name": "UserId",
      "isRequired": false,
      "description": "The Aster Database user name of the user running this function.",
      "datatype": "DRIVER",
      "allowsLists": false,
      "useInR": false
    },
    {
      "isOutputColumn": false,
      "name": "Password",
      "isRequired": false,
      "description": "The Aster Database password of the user.",
      "datatype": "DRIVER",
      "allowsLists": false,
      "useInR": false
    },
    {
      "isOutputColumn": false,
      "name": "SSLSettings",
      "isRequired": false,
      "description": "A string that includes all the SSL settings, except the password for the truststore.",
      "datatype": "DRIVER",
      "allowsLists": false,
      "useInR": false
    },
    {
      "isOutputColumn": false,
      "name": "SSLTrustStorePassword",
      "isRequired": false,
      "description": "The password for the SSL truststore.",
      "datatype": "DRIVER",
      "allowsLists": false,
      "useInR": false
    },
    {
      "defaultValue": true,
      "name": "CompactOutput",
      "isRequired": false,
      "description": "Specify whether the rows with all the coefficients values are very small (the absolute value less than 1e-12) should be outputted in output table. The default value is true.",
      "datatype": "BOOLEAN",
      "allowsLists": false,
      "rName": "compact.output",
      "useInR": true
    },
    {
      "targetTable": "InputTable",
      "checkDuplicate": true,
      "requiredLength": 1,
      "allowPadding": true,
      "name": "SortColumn",
      "isRequired": true,
      "description": "The column in the input table that represents the order of coefficients in each sequence.",
      "datatype": "COLUMN_NAMES",
      "allowsLists": false,
      "rName": "sort.column",
      "useInR": true
    },
    {
      "isOutputTable": false,
      "name": "InputTable",
      "isRequired": true,
      "description": "The name of the input table or view contains the coefficients generated by DWT.",
      "datatype": "TABLE_NAME",
      "allowsLists": false,
      "rName": "input.table",
      "useInR": true
    },
    {
      "isOutputTable": true,
      "name": "OutputTable",
      "isRequired": true,
      "description": "The name of the output table of the reconstruct result.",
      "datatype": "TABLE_NAME",
      "allowsLists": false,
      "rName": "output.table",
      "useInR": true
    },
    {
      "isOutputTable": false,
      "name": "MetaTable",
      "isRequired": true,
      "description": "The name of the input table or view contains the meta information used in DWT, it should be a table or a view.",
      "datatype": "TABLE_NAME",
      "allowsLists": false,
      "rName": "meta.table",
      "useInR": true
    },
    {
      "targetTable": "InputTable",
      "checkDuplicate": true,
      "allowPadding": true,
      "name": "InputColumns",
      "isRequired": true,
      "description": "The columns in the input table to be transformed.",
      "datatype": "COLUMN_NAMES",
      "allowsLists": true,
      "rName": "input.columns",
      "useInR": true
    },
    {
      "targetTable": "InputTable",
      "checkDuplicate": true,
      "allowPadding": true,
      "name": "PartitionColumns",
      "isRequired": false,
      "description": "One or more columns identify different sequences, every row has the same value in partitioncolumns belong to the same sequence.",
      "datatype": "COLUMN_NAMES",
      "allowsLists": true,
      "rName": "partition.columns",
      "useInR": true
    }
  ]
}