{
  "json_schema_major_version": "1",
  "json_schema_minor_version": "1",
  "json_content_version": "1",
  "function_name": "Interpolator",
  "function_version": "1.0",
  "function_type": "non-driver",
  "short_description": "The function inserts missing points based on interpolation type and aggregation type.",
  "long_description": "The function is used to insert missing points in original time series. The insertion is based on interpolation type and aggregation type. Time_table acts as an option if more specific time slots needed. The function achieves functionalities according to different combination of argument clauses.",
  "input_tables": [
    {
      "requiredInputKind": [
        "PartitionByKey"
      ],
      "isOrdered": false,
      "partitionByOne": false,
      "name": "input_table",
      "isRequired": true,
      "description": "",
      "datatype": "TABLE_ALIAS",
      "allowsLists": false,
      "rName": "input.table",
      "useInR": true
    },
    {
      "requiredInputKind": [
        "Dimension"
      ],
      "isOrdered": false,
      "partitionByOne": false,
      "name": "time_table",
      "isRequired": false,
      "description": "",
      "datatype": "TABLE_ALIAS",
      "allowsLists": false,
      "rName": "time.table",
      "useInR": true
    },
    {
      "requiredInputKind": [
        "PartitionByKey"
      ],
      "isOrdered": false,
      "partitionByOne": false,
      "name": "count_row_number",
      "isRequired": false,
      "description": "",
      "datatype": "TABLE_ALIAS",
      "allowsLists": false,
      "rName": "count.row.number",
      "useInR": true
    },
    {
      "requiredInputKind": [
        "PartitionByKey"
      ],
      "isOrdered": false,
      "partitionByOne": false,
      "name": "residuals_table",
      "isRequired": false,
      "description": "",
      "datatype": "TABLE_ALIAS",
      "allowsLists": false,
      "rName": "residuals.table",
      "useInR": true
    },
    {
      "requiredInputKind": [
        "PartitionByKey"
      ],
      "isOrdered": false,
      "partitionByOne": false,
      "name": "median_table",
      "isRequired": false,
      "description": "",
      "datatype": "TABLE_ALIAS",
      "allowsLists": false,
      "rName": "median.table",
      "useInR": true
    }
  ],
  "argument_clauses": [
    {
      "targetTable": "input_table",
      "checkDuplicate": true,
      "allowPadding": true,
      "name": "Accumulate",
      "isRequired": false,
      "description": "Specifies the names of input_table columns (other than those specified by Time_Column and Value_Columns) to copy to the output table.",
      "datatype": "COLUMNS",
      "allowsLists": true,
      "rName": "accumulate",
      "useInR": true
    },
    {
      "targetTable": "input_table",
      "checkDuplicate": true,
      "requiredLength": 1,
      "allowPadding": true,
      "name": "TimeColumn",
	  "alternateNames":["Time_Column"],
      "isRequired": true,
      "description": "Specifies the name of the input_table column that contains the time points of the time series whose missing values are to be calculated.",
      "datatype": "COLUMNS",
      "allowsLists": false,
      "rName": "time.column",
      "useInR": true
    },
    {
      "lowerBound": 0.0,
      "lowerBoundType": "EXCLUSIVE",
      "allowNaN": false,
      "name": "TimeInterval",
	  "alternateNames":["Time_Interval"],
      "isRequired": false,
      "description": "Specifies the length of time, in seconds, between calculated values. This value must be either INTEGER or DOUBLE PRECISION. The input value must be greater than 0.0. The input value must be greater than 0.0.",
      "datatype": "DOUBLE",
      "allowsLists": false,
      "rName": "time.interval",
      "useInR": true
    },
    {
      "targetTable": "input_table",
      "checkDuplicate": true,
      "allowPadding": true,
      "name": "ValueColumns",
	  "alternateNames":["Value_Columns"],
      "isRequired": true,
      "description": "Specifies the names of input_table columns to interpolate to the output table.",
      "datatype": "COLUMNS",
      "allowsLists": true,
      "rName": "value.columns",
      "useInR": true
    },
    {
      "isOutputColumn": false,
      "allowPadding": true,
      "name": "InterpolationType",
	  "alternateNames":["Interpolation_Type"],
      "isRequired": false,
      "description": "Specifies interpolation types for the columns that Value_Columns specifies.",
      "datatype": "STRING",
      "allowsLists": true,
      "rName": "interpolation.type",
      "useInR": true
    },
    {
      "isOutputColumn": false,
      "allowPadding": true,
      "name": "AggregationType",
	  "alternateNames":["Aggregation_Type"],
      "isRequired": false,
      "description": "Specifies the aggregation types of the columns that Value_Columns specifies.",
      "datatype": "STRING",
      "allowsLists": true,
      "rName": "aggregation.type",
      "useInR": true
    },
    {
      "isOutputColumn": false,
      "name": "TimeDataType",
	  "alternateNames":["Time_Data_Type"],
      "isRequired": false,
      "description": "Specifies the data type of the output column that corresponds to the input table column that Time_Column specifies.",
      "datatype": "STRING",
      "allowsLists": false,
      "rName": "time.data.type",
      "useInR": true
    },
    {
      "isOutputColumn": false,
      "allowPadding": true,
      "name": "ValueDataType",
	  "alternateNames":["Value_Data_Type"],
      "isRequired": false,
      "description": "Specifies the data types of the output columns that correspond to the input table columns that Value_Columns specifies.",
      "datatype": "STRING",
      "allowsLists": true,
      "rName": "value.data.type",
      "useInR": true
    },
    {
      "isOutputColumn": false,
      "name": "StartTime",
	  "alternateNames":["Start_Time"],
      "isRequired": false,
      "description": "Specifies the start time for the time series. The default value is the start time of the time series in input_table.",
      "datatype": "STRING",
      "allowsLists": false,
      "rName": "start.time",
      "useInR": true
    },
    {
      "isOutputColumn": false,
      "name": "EndTime",
	  "alternateNames":["End_Time"],
      "isRequired": false,
      "description": "Specifies the end time for the time series. The default value is the end time of the time series in input_table.",
      "datatype": "STRING",
      "allowsLists": false,
      "rName": "end.time",
      "useInR": true
    },
    {
      "isOutputColumn": false,
      "allowPadding": true,
      "name": "ValuesBeforeFirst",
	  "alternateNames":["Values_Before_First"],
      "isRequired": false,
      "description": "Specifies the values to use if start_time is before the start time of the time series in input_table. Each of these values must have the same data type as its corresponding value_column. Values of data type VARCHAR are case-insensitive.",
      "datatype": "STRING",
      "allowsLists": true,
      "rName": "values.before.first",
      "useInR": true
    },
    {
      "isOutputColumn": false,
      "allowPadding": true,
      "name": "ValuesAfterLast",
	  "alternateNames":["Values_After_Last"],
      "isRequired": false,
      "description": "Specifies the values to use if end_time is after the end time of the time series in input_table. Each of these values must have the same data type as its corresponding value_column. Values of data type VARCHAR are case-insensitive.",
      "datatype": "STRING",
      "allowsLists": true,
      "rName": "values.after.last",
      "useInR": true
    },
    {
      "lowerBound": 0,
      "lowerBoundType": "EXCLUSIVE",
      "allowPadding": true,
      "name": "DuplicateRowsCount",
	  "alternateNames":["Duplicate_Rows_Count"],
      "isRequired": false,
      "description": "Specifies the number of rows to duplicate across split boundaries if you use the function 'SeriesSplitter.' Each input value must be greater than 0. Each input value must be greater than 0.",
      "datatype": "INTEGER",
      "allowsLists": true,
      "rName": "duplicate.rows.count",
      "useInR": true
    }
  ]
}

