{
  "json_schema_major_version": "1",
  "json_schema_minor_version": "1",
  "json_content_version": "1",
  "function_name": "larspredict",
  "function_version": "1.1",
  "function_type": "non-driver",
  "short_description": "This function makes predictions using the output model from lars",
  "long_description": "This function makes predictions using the output model from lars",
  "input_tables": [
    {
      "requiredInputKind": [
        "PartitionByKey",
        "PartitionByAny"
      ],
      "isOrdered": false,
      "partitionByOne": false,
      "name": "data",
      "isRequired": true,
      "description": "Specifies the data table for predict",
      "datatype": "TABLE_ALIAS",
      "allowsLists": false,
      "rName": "data",
      "useInR": true
    },
    {
      "requiredInputKind": [
        "Dimension"
      ],
      "isOrdered": false,
      "partitionByOne": false,
      "name": "model",
      "isRequired": true,
      "description": "Specifies the output model table from lars for predict",
      "datatype": "TABLE_ALIAS",
      "allowsLists": false,
      "rName": "model",
      "useInR": true
    }
  ],
  "argument_clauses": [
    {
      "permittedValues": [
        "STEP",
        "FRACTION",
        "NORM",
        "LAMBDA"
      ],
      "defaultValue": "STEP",
      "isOutputColumn": false,
      "name": "Mode",
      "isRequired": false,
      "description": "Specifies the mode: STEP, FRACTION, NORM or LAMBDA The permitted input values are [STEP, FRACTION, NORM, LAMBDA]. The default value is STEP.",
      "datatype": "STRING",
      "allowsLists": false,
      "rName": "mode",
      "useInR": true
    },
    {
      "isOutputColumn": false,
      "name": "TargetCol",
      "isRequired": false,
      "description": "Specifies the response column name so comparison with prediction",
      "datatype": "STRING",
      "allowsLists": false,
      "rName": "target.col",
      "useInR": true
    },
    {
      "allowPadding": true,
      "name": "S",
      "isRequired": false,
      "description": "Specifies list of real values for the positions of the coefficients",
      "datatype": "DOUBLE",
      "allowsLists": true,
      "rName": "s",
      "useInR": true
    }
  ]
}