{
  "json_schema_major_version": "1",
  "json_schema_minor_version": "1",
  "json_content_version": "1",
  "function_name": "LdaTopicPrinter",
  "function_version": "1.1",
  "function_type": "non-driver",
  "short_description": "This function extracts the information from the model table.",
  "long_description": "Since model table is stored in binary fromat, this function is adopted to show the contained information of the table. If summary is true, the parameters  and training set of the model table is given. Otherwise, each topic and related words are outputted. ",
  "input_tables": [
    {
      "requiredInputKind": [
        "PartitionByKey"
      ],
      "isOrdered": false,
      "partitionByOne": true,
      "isRequired": true,
      "description": "The model table.",
      "datatype": "TABLE_ALIAS",
      "allowsLists": false,
      "useInR": true
    }
  ],
  "argument_clauses": [
    {
      "defaultValue": false,
      "name": "Summary",
      "alternateNames": [
        "ShowSummary"
      ],
      "isRequired": false,
      "description": " If the value is true, a summary information of the model table will be emitted and all the other arguments are ignored.  The default value is false.",
      "datatype": "BOOLEAN",
      "allowsLists": false,
      "rName": "summary",
      "useInR": true
    },
    {
      "defaultValue": "all",
      "isOutputColumn": false,
      "name": "OutputTopicWordNum",
      "alternateNames": [
        "OutputTopicWordNumber"
      ],
      "isRequired": false,
      "description": " It is a positive integer number or per-defined string \"all\", which specifies how many top topic words (words with most weights) should be outputted accompany with the corresponding topic id. If \"all\" is given, output all related topic words. The default value is all.",
      "datatype": "STRING",
      "allowsLists": false,
      "rName": "output.topic.word.num",
      "useInR": true
    },
    {
      "defaultValue": false,
      "name": "WordWeight",
      "alternateNames": [
        "ShowWordWeight"
      ],
      "isRequired": false,
      "description": "If the value is true, the weight of each unique word belong to the topicid will be emitted, normalized to 1 according to topicid. In other words, it is the probability of each unique word belong to a specified topicid. The default value is false.",
      "datatype": "BOOLEAN",
      "allowsLists": false,
      "rName": "word.weight",
      "useInR": true
    },
    {
      "defaultValue": false,
      "name": "WordCount",
      "alternateNames": [
        "ShowWordCount"
      ],
      "isRequired": false,
      "description": "If the value is true, the wordcount of each <topicid,unique word> pair will be emitted according to the training set. The wordcount is a decimal, as the topic distribution is counted into the value.  The default value is false.",
      "datatype": "BOOLEAN",
      "allowsLists": false,
      "rName": "word.count",
      "useInR": true
    },
    {
      "defaultValue": true,
      "name": "OutputByWord",
      "isRequired": false,
      "description": "if the value is true, the output will be one row per each word and topicid pair, otherwise all the words belong to a topic will be output in one row. The default value is true.",
      "datatype": "BOOLEAN",
      "allowsLists": false,
      "rName": "output.by.word",
      "useInR": true
    }
  ]
}