{
  "json_schema_major_version": "1",
  "json_schema_minor_version": "1",
  "json_content_version": "1",
  "function_name": "linreg",
  "function_version": "1.1",
  "function_type": "non-driver",
  "short_description": "Outputs coefficients of the linear model represented by the input matrices.",
  "long_description": "Outputs coefficients of the linear model represented by the input matrices. The zeroth coefficient corresponds to the slope intercept.",
  "input_tables": [
    {
      "requiredInputKind": [
        "PartitionByKey"
      ],
      "isOrdered": false,
      "partitionByOne": true,
      "isRequired": true,
      "description": "",
      "datatype": "TABLE_ALIAS",
      "allowsLists": false,
      "useInR": true
    }
  ]
}