{
  "json_schema_major_version": "1",
  "json_schema_minor_version": "1",
  "json_content_version": "1",
  "function_name": "path_generator",
  "function_version": "1.3",
  "function_type": "non-driver",
  "short_description": "Generates the subsequences for the paths provided",
  "long_description": " This function takes as input a sequence stored in row and generates all subsequences. This input could come from the result of an nPath query or if the data is already stored in a sequence",
  "input_tables": [
    {
      "requiredInputKind": [
        "PartitionByAny"
      ],
      "isOrdered": false,
      "partitionByOne": false,
      "isRequired": true,
      "description": "The name of the table containing the input data.",
      "datatype": "TABLE_ALIAS",
      "allowsLists": false,
      "useInR": true
    }
  ],
  "argument_clauses": [
    {
      "checkDuplicate": true,
      "allowedTypes": [
        "character varying"
      ],
      "requiredLength": 1,
      "allowPadding": true,
      "name": "SeqColumn",
      "alternateNames": [
        "Seq"
      ],
      "isRequired": true,
      "description": "Name of the column in the input relation that contains the paths to be analyzed. Input columns can be the following SQL types: character varying.",
      "datatype": "COLUMNS",
      "allowsLists": false,
      "rName": "seq.column",
      "useInR": true
    },
    {
      "defaultValue": ",",
      "isOutputColumn": false,
      "name": "Delimiter",
      "isRequired": false,
      "description": "Single-character delimiter used in the path string. The default value is ,.",
      "datatype": "STRING",
      "allowsLists": false,
      "rName": "delimiter",
      "useInR": true
    }
  ]
}