{
  "json_schema_major_version": "1",
  "json_schema_minor_version": "1",
  "json_content_version": "1",
  "function_name": "PSTParserAFS",
  "function_version": "1.1",
  "function_type": "sqlmr",
  "short_description": "Parses PST files.",
  "long_description": "Parses Email (PST) files on AFS",
  "input_tables": [
    {
      "requiredInputKind": [
        "PartitionByAny"
      ],
      "isOrdered": false,
      "partitionByOne": false,
      "isRequired": true,
      "description": "An empty fact table used to run the function.",
      "name":"empty_table",
      "datatype": "TABLE_ALIAS",
      "allowsLists": false,
      "useInR": true
    }
  ],
  "argument_clauses": [
    {
      "isOutputColumn": false,
      "allowPadding": true,
      "name": "Path",
      "isRequired": true,
      "description": "Specifies the directory and/or file name (with support for regular expressions) to read the PST files from.",
      "datatype": "STRING",
      "allowsLists": true,
      "rName": "path",
      "useInR": true
    },
    {
      "isOutputColumn": false,
      "name": "Host",
      "isRequired": false,
      "description": "Specifies the namenode of AFS cluster (AFS server).",
      "datatype": "STRING",
      "allowsLists": false,
      "rName": "host",
      "useInR": true
    },
    {
      "defaultValue": 2601,
      "allowNaN": false,
      "name": "Port",
      "isRequired": false,
      "description": "Specifies the port to connect to AFS server. The default value is 2601.",
      "datatype": "INTEGER",
      "allowsLists": false,
      "rName": "port",
      "useInR": true
    },
    {
      "isOutputColumn": true,
      "allowPadding": true,
      "name": "OutputColumns",
      "isRequired": false,
      "description": "Specifies the output column names in addition to the default columns.",
      "datatype": "STRING",
      "allowsLists": true,
      "rName": "output.columns",
      "alternateNames": [
        "Outputs"
      ],
      "useInR": true

    },
    {
      "isOutputColumn": false,
      "allowPadding": true,
      "name": "Exclude",
      "isRequired": false,
      "description": "Specifies the folders from the email account (PST file) to skip while parsing.",
      "datatype": "STRING",
      "allowsLists": true,
      "rName": "exclude",
      "useInR": true
    }
  ]
}
