{
  "json_schema_major_version": "1",
  "json_schema_minor_version": "1",
  "json_content_version": "1",
  "function_name": "SvmModelPrinter",
  "function_version": "1.1",
  "function_type": "non-driver",
  "short_description": "This function converts the binary weight vector into sparse (attributeid,weight) pairs. ",
  "long_description": "This function read a SVM model from model table, then convert  the model to sparse format according with the attribute and class label. If hash projection is adopted in training the model, it will find the  attribute string from the original input table. ",
  "input_tables": [
    {
      "requiredInputKind": [
        "PartitionByAny"
      ],
      "isOrdered": false,
      "partitionByOne": false,
      "name": "input",
      "isRequired": true,
      "description": "It should be the training dataset, otherwise the result may be incomplete.",
      "datatype": "TABLE_ALIAS",
      "allowsLists": false,
      "rName": "input",
      "useInR": true
    },
    {
      "requiredInputKind": [
        "Dimension"
      ],
      "isOrdered": false,
      "partitionByOne": false,
      "name": "model",
      "isRequired": true,
      "description": "The model table generated by SparseSVMTrainer.",
      "datatype": "TABLE_ALIAS",
      "allowsLists": false,
      "rName": "model",
      "useInR": true
    }
  ],
  "argument_clauses": [
    {
      "targetTable": "input",
      "checkDuplicate": true,
      "allowedTypeGroups": [
        "STRING",
        "INTEGER"
      ],
      "requiredLength": 1,
      "allowPadding": true,
      "name": "AttributeColumn",
      "isRequired": true,
      "description": "The column contains the attribute names in inputtable. Input columns must contain integer SQL types. Input columns must contain string SQL types.",
      "datatype": "COLUMNS",
      "allowsLists": false,
      "rName": "attribute.column",
      "useInR": true
    },
    {
      "defaultValue": false,
      "name": "Summary",
      "alternateNames": [
        "ShowSummary"
      ],
      "isRequired": false,
      "description": " If true, the output should be the summary information of the model. Otherwise, the output will be the detail weight of each attribute in the model. The default value is false.",
      "datatype": "BOOLEAN",
      "allowsLists": false,
      "rName": "summary",
      "useInR": true
    }
  ]
}