{
  "json_schema_major_version": "1",
  "json_schema_minor_version": "1",
  "json_content_version": "1",
  "function_name": "TextClassifier",
  "function_version": "1.2",
  "function_type": "non-driver",
  "short_description": "Text classification SQL/MR function",
  "long_description": "Predict the category of the document in each text column",
  "input_tables": [
    {
      "requiredInputKind": [
        "PartitionByAny"
      ],
      "isOrdered": false,
      "partitionByOne": false,
      "isRequired": true,
      "description": "The relation contains the text to be classified",
      "datatype": "TABLE_ALIAS",
      "allowsLists": false,
      "useInR": true
    }
  ],
  "argument_clauses": [
    {
      "checkDuplicate": true,
      "requiredLength": 1,
      "allowPadding": true,
      "name": "TextColumn",
      "isRequired": true,
      "description": "The input table column that contains the text to be used for predicting classification",
      "datatype": "COLUMNS",
      "allowsLists": false,
      "rName": "text.column",
      "useInR": true
    },
    {
      "isOutputColumn": false,
      "name": "Model",
      "isRequired": true,
      "description": "The model filename that will be used to perform prediction. The model file must be installed",
      "datatype": "STRING",
      "allowsLists": false,
      "rName": "model",
      "useInR": true
    },
    {
      "checkDuplicate": true,
      "allowPadding": true,
      "name": "Accumulate",
      "isRequired": false,
      "description": "Columns from the input table to be passed through from input to output.",
      "datatype": "COLUMNS",
      "allowsLists": true,
      "rName": "accumulate",
      "useInR": true
    }
  ]
}