{
  "json_schema_major_version": "1",
  "json_schema_minor_version": "1",
  "json_content_version": "1",
  "function_name": "xmlrelation",
  "function_version": "1.3",
  "function_type": "non-driver",
  "short_description": "Implements the XMLRlation SQL/MR function.",
  "long_description": "The output schema is determined by OUTPUT and MaxDepth arguments. The <DocIDColumns> and out_nodeid are default output columns. The other output columns: for 'fulldata' schema, D*Element, D*Attributes, D*Value and D*ID, where * indicates the depth from 0 to MaxDepth (root is in depth 0); for 'parentchild' schema, Element, Attributes, Value and parentID; for 'fullpath' schema, Element, Attributes, Value and D*ID, where * indicates the depth from 0 to MaxDepth. The format of (D*)Attributes is AttributeName=Value[delimiter_string...]. So '=' is not recommended to be ATTRIBUTEDELIMITER.",
  "input_tables": [
    {
      "isOrdered": false,
      "partitionByOne": false,
      "isRequired": true,
      "description": "The input table that contains XML documents. ",
      "datatype": "TABLE_ALIAS",
      "allowsLists": false,
      "useInR": true
    }
  ],
  "argument_clauses": [
    {
      "checkDuplicate": true,
      "allowedTypes": [
        "bytea"
      ],
      "allowedTypeGroups": [
        "STRING"
      ],
      "requiredLength": 1,
      "allowPadding": true,
      "name": "TextColumn",
      "isRequired": true,
      "description": "The input table column that contains the XML documents to be scanned. Input columns must contain string SQL types. Input columns can be the following SQL types: bytea.",
      "datatype": "COLUMNS",
      "allowsLists": false,
      "rName": "text.column",
      "useInR": true
    },
    {
      "checkDuplicate": true,
      "allowPadding": true,
      "name": "DocIdColumns",
      "isRequired": true,
      "description": "A list of the columns which make up the identifiers of the input XML documents. ",
      "datatype": "COLUMNS",
      "allowsLists": true,
      "rName": "doc.id.columns",
      "useInR": true
    },
    {
      "defaultValue": 5,
      "lowerBound": 0,
      "lowerBoundType": "EXCLUSIVE",
      "allowNaN": false,
      "name": "MaxDepth",
      "isRequired": false,
      "description": "The maximum depth in the XML tree of the XML documents that will be processed.  The input value must be greater than 0. The default value is 5.",
      "datatype": "INTEGER",
      "allowsLists": false,
      "rName": "max.depth",
      "useInR": true
    },
    {
      "defaultValue": false,
      "name": "AttributeAsNode",
      "alternateNames": [
        "AttributeToNode"
      ],
      "isRequired": false,
      "description": "if 'true' attributes are handled as children of the node. If 'false' attributes of one XML node are stored in one element of the output tuple.  The default value is false.",
      "datatype": "BOOLEAN",
      "allowsLists": false,
      "rName": "attribute.as.node",
      "useInR": true
    },
    {
      "defaultValue": ",",
      "isOutputColumn": false,
      "name": "AttributeDelimiter",
      "isRequired": false,
      "description": "Specifies the delimiter used to separate multiple attributes of one node in XML documents.  The default value is ,.",
      "datatype": "STRING",
      "allowsLists": false,
      "rName": "attribute.delimiter",
      "useInR": true
    },
    {
      "isOutputColumn": false,
      "allowPadding": true,
      "name": "ExcludeElements",
      "isRequired": false,
      "description": "Used to supply a list of nodes to exclude as path strings. The default value is no nodes are excluded. ",
      "datatype": "STRING",
      "allowsLists": true,
      "rName": "exclude.elements",
      "useInR": true
    },
    {
      "permittedValues": [
        "fulldata",
        "parentchild",
        "fullpath"
      ],
      "defaultValue": "fullpath",
      "isOutputColumn": false,
      "name": "Output",
      "isRequired": false,
      "description": "Specifies the schema of the output table.  The permitted input values are [fulldata, parentchild, fullpath]. The default value is fullpath.",
      "datatype": "STRING",
      "allowsLists": false,
      "rName": "output",
      "useInR": true
    },
    {
      "defaultValue": "false",
      "isOutputColumn": false,
      "name": "ErrorHandler",
      "alternateNames": [
        "Error_Handler"
      ],
      "isRequired": false,
      "description": "Error handler for handling the errors that occur when parsing an XML document.  The default value is false.",
      "datatype": "STRING",
      "allowsLists": false,
      "rName": "error.handler",
      "useInR": true
    },
    {
      "checkDuplicate": true,
      "allowPadding": true,
      "name": "Accumulate",
      "isRequired": false,
      "description": "Columns from the input table to be passed through from input to output.",
      "datatype": "COLUMNS",
      "allowsLists": true,
      "rName": "accumulate",
      "useInR": true
    }
  ]
}